year,tract_id,tract_name,num_tracts,num_vacants,pct_vacant,pct_change,pct_owner_occupied
2010,1763641,Richmond village,1002,272.85,27.2,12.22,56.59
2010,1744498,Long Creek village,539,14.8,2.74,36.51,85.01
2010,1780125,West Dundee village,2945,101.4,3.44,-7.66,74.91
2010,1736347,Hoyleton village,213,12.95,6.08,13.52,77.37
2010,1711293,Carmi city,2539,267.14,10.52,11.81,65.83
2010,1727091,Forsyth village,1353,157.95,11.67,24.12,87.71
2010,1773391,Sugar Grove village,3193,458.83,14.37,36.79,91.17
2010,1782985,Wood Dale city,5529,149.08,2.7,34.95,69.99
2010,1754534,Oak Brook village,3187,125.25,3.93,18.75,77.39
2010,1709681,Bureau Junction village,162,6.19,3.8,26.61,52.17
2010,1755002,Oakwood village,675,45.68,6.77,40.22,74.53
2010,1708225,Bridgeview village,5888,191.19,3.25,77.98,69.85
2010,1769875,Sidney village,505,69.58,13.78,291.36,79.48
2010,1765884,Rosewood Heights CDP,1752,32.21,1.84,25.01,77.44
2010,1751271,Muddy village,36,4.11,11.41,21.48,61.61
2010,1717991,Cuba city,564,171.71,30.39,4.89,76.26
2010,1756978,Otterville town,52,21.6,41.54,2.47,80.43
2010,1709577,Bunker Hill city,745,61.09,8.2,252.73,83.5
2010,1704117,Batchtown village,109,7.85,7.14,8.89,63.66
2010,1739883,Kildeer village,1311,295.07,22.49,4.93,90.09
2010,1778708,Waltonville village,187,21.51,11.5,23.9,78.74
2010,1747280,Martinton village,151,15.66,10.31,14.84,82.1
2010,1708420,Broadlands village,147,20.26,13.78,291.03,77.29
2010,1783765,Yale village,43,3.83,8.72,16.56,70.25
2010,1769277,Sheridan village,321,55.52,17.29,75.18,177.45
2010,1701205,Alto Pass village,160,13.96,8.67,30.39,76.08
2010,1732408,Hamel village,337,27.01,8.01,3.71,83.0
2010,1755171,Odell village,454,103.91,22.84,36.04,50.83
2010,1756159,Oneida city,309,168.29,54.29,9.58,75.12
2010,1717523,Crete village,3386,42.16,1.24,27.02,82.49
2010,1778383,Waggoner village,114,20.06,17.44,148.21,72.58
2010,1783102,Woodland village,135,26.16,19.38,160.32,70.31
2010,1768458,Seaton village,94,23.64,25.15,15.84,87.13
2010,1726454,Flora city,2355,304.69,12.94,9.15,53.49
2010,1732668,Hanna City village,584,66.88,11.45,9.68,72.25
2010,1774860,Thayer village,313,14.92,4.77,6.93,59.42
2010,1779163,Waterman village,598,209.93,35.05,18.69,69.29
2010,1772624,Steward village,105,39.7,37.81,20.18,71.24
2010,1721254,Dupo village,1862,146.52,7.86,6.83,71.68
2010,1721579,East Brooklyn village,44,6.28,14.28,93.94,72.47
2010,1737257,Indian Head Park village,1927,72.73,3.77,115.62,78.44
2010,1750829,Mount Auburn village,219,35.03,15.92,95.68,66.86
2010,1750530,Morrison city,1869,69.63,3.72,45.73,63.9
2010,1764174,Ripley village,49,0.81,1.65,9.24,57.45
2010,1782218,Wilsonville village,264,9.72,3.68,83.01,70.99
2010,1704936,Bellmont village,128,10.12,7.91,31.07,67.04
2010,1769082,Shawneetown city,597,67.48,11.3,21.24,67.84
2010,1778942,Warsaw city,789,74.19,9.39,23.67,77.48
2010,1717458,Crest Hill city,7703,127.51,1.66,36.42,72.16
2010,1705404,Berkeley village,1918,27.2,1.42,67.15,79.64
2010,1749607,Minooka village,3694,659.51,17.85,12.15,84.68
2010,1738115,Jacksonville city,8161,472.5,5.79,18.04,53.67
2010,1740832,La Harpe city,603,253.13,41.91,3.02,71.67
2010,1777720,Versailles village,247,4.09,1.65,9.69,63.09
2010,1760079,Piper City village,371,30.51,8.22,21.27,70.08
2010,1734670,Highland city,4283,93.17,2.18,17.09,65.59
2010,1712801,Chebanse village,454,108.37,23.82,16.74,64.22
2010,1704689,Belgium village,191,13.68,7.16,17.03,68.44
2010,1717185,Crainville village,582,33.32,5.71,21.33,60.19
2010,1738375,Jerome village,884,34.82,3.94,26.8,56.25
2010,1761899,Princeton city,3678,288.62,7.85,20.82,68.63
2010,1731992,Gulf Port village,33,10.7,31.48,5.96,63.7
2010,1735671,Hollowayville village,28,1.06,3.8,26.61,79.23
2010,1716210,Cooksville village,90,64.04,71.16,1.59,64.45
2010,1746240,Malden village,143,21.62,15.01,12.35,70.1
2010,1714767,Clayton village,332,40.2,12.11,16.18,68.54
2010,1733136,Harrisburg city,4193,331.89,7.92,24.88,55.02
2010,1710643,Cambridge village,920,63.04,6.85,23.41,84.44
2010,1735411,Hoffman Estates village,18969,225.32,1.19,19.43,72.94
2010,1764590,Roanoke village,867,541.42,62.45,1.5,72.51
2010,1750647,Morton Grove village,9035,209.77,2.32,62.23,83.23
2010,1710084,Bush village,134,6.79,5.07,37.98,61.04
2010,1701543,Anna city,2123,146.38,6.9,11.31,53.29
2010,1717077,Coyne Center CDP,349,29.96,8.58,2.88,91.69
2010,1749555,Minier village,545,236.06,43.24,18.46,67.73
2010,1775757,Topeka village,44,6.96,15.47,35.74,69.19
2010,1740767,La Grange village,5943,131.37,2.21,119.35,72.58
2010,1750790,Mound Station village,62,1.04,1.65,9.4,63.39
2010,1735073,Hillsdale village,237,36.48,15.33,-2.16,74.86
2010,1730029,Glenwood village,3505,59.37,1.69,20.31,71.64
2010,1748554,Merrionette Park village,950,12.1,1.27,514.35,51.57
2010,1735307,Hinsdale village,5965,249.68,4.19,26.35,76.83
2010,1700230,Addieville village,110,9.94,8.95,48.1,76.87
2010,1780879,West Union CDP,140,11.97,8.55,9.05,69.2
2010,1777473,Venice city,916,118.5,12.94,-24.16,37.55
2010,1730757,Grand Ridge village,224,42.01,18.67,9.58,77.93
2010,1773170,Streator city,6271,552.67,8.81,18.36,65.96
2010,1746864,Marine village,421,32.37,7.69,15.51,78.6
2010,1724374,Erie village,678,201.6,29.73,-0.61,75.21
2010,1743445,Lima village,69,3.03,4.39,3.82,68.09
2010,1754781,Oakland city,416,23.94,5.74,23.72,71.14
2010,1720526,Dover village,72,10.81,15.01,12.35,65.07
2010,1766287,Ruma village,124,17.06,13.65,5.71,73.37
2010,1748242,Melrose Park village,8524,407.79,4.78,10.08,50.94
2010,1744719,Loraine village,138,6.11,4.39,3.68,64.91
2010,1731576,Greenview village,368,163.63,44.34,5.72,67.49
2010,1711592,Cary village,6257,303.06,4.84,2.41,86.33
2010,1729938,Glenview village,17745,416.92,2.35,27.97,74.08
2010,1748606,Metamora village,1483,629.25,42.43,18.75,73.84
2010,1723503,Ellis Grove village,159,14.19,8.87,11.41,74.4
2010,1727884,Freeport city,12396,968.21,7.81,-0.12,56.62
2010,1708303,Brimfield village,354,96.61,27.21,26.52,73.28
2010,1736190,Hopkins Park village,290,74.54,25.7,43.58,44.76
2010,1773547,Summerfield village,188,19.46,10.35,17.09,65.02
2010,1759273,Pesotum village,245,58.36,23.72,78.8,70.0
2010,1710513,Calumet Park village,3203,75.77,2.37,37.52,53.61
2010,1736750,Huntley village,10499,1567.79,14.93,22.66,76.07
2010,1709148,Brussels village,70,5.07,7.14,8.98,64.99
2010,1743939,Lisle village,9915,169.2,1.71,22.81,59.73
2010,1722567,Edgewood village,224,18.39,8.17,16.19,66.5
2010,1778175,Virgil village,118,13.59,11.52,3.65,83.05
2010,1707471,Bourbonnais village,6445,755.1,11.72,6.57,64.19
2010,1764759,Rochester village,1400,68.0,4.85,63.59,93.4
2010,1727533,Fox River Grove village,1856,72.35,3.9,44.32,83.78
2010,1751206,Mount Zion village,2324,71.0,3.05,3.04,78.78
2010,1759052,Peotone village,1581,320.92,20.29,1.42,87.78
2010,1771604,Spring Bay village,207,40.5,19.47,5.32,78.22
2010,1780060,West Chicago city,7762,258.67,3.33,17.23,77.26
2010,1715352,Coffeen city,314,17.19,5.46,18.64,43.57
2010,1752467,New Grand Chain village,119,13.78,11.58,29.88,55.13
2010,1718420,Dallas City city,491,66.64,13.55,3.71,60.73
2010,1765962,Rossville village,600,123.94,20.62,195.94,64.27
2010,1775653,Toluca city,640,385.08,60.17,11.09,69.7
2010,1727624,Frankfort village,6070,1244.95,20.51,1.76,90.13
2010,1752311,New Canton town,177,11.37,6.39,-9.38,70.3
2010,1712008,Cedarville village,325,52.74,16.23,5.58,78.95
2010,1718641,Darmstadt CDP,29,2.67,9.22,4.06,76.31
2010,1778370,Wadsworth village,1382,79.96,5.78,-12.6,83.87
2010,1769212,Sheldon village,485,93.99,19.38,160.29,64.63
2010,1726467,Floraville CDP,25,1.41,5.44,-4.49,65.81
2010,1742405,Lawrenceville city,2271,168.15,7.4,-1.34,53.67
2010,1772702,Stillman Valley village,446,121.35,27.15,2.62,74.42
2010,1703571,Banner village,83,5.1,6.07,55.56,78.32
2010,1726662,Foosland village,50,7.79,15.59,48.45,64.56
2010,1730835,Grandview village,684,20.6,3.01,12.15,62.88
2010,1749802,Modesto village,92,21.53,23.15,52.04,64.3
2010,1780645,Westmont village,11224,371.15,3.31,66.28,58.02
2010,1770122,Skokie village,25066,907.29,3.62,22.0,68.04
2010,1779150,Waterloo city,4046,218.23,5.39,16.31,72.6
2010,1757329,Palmyra village,320,74.31,23.15,52.05,68.8
2010,1779449,Waynesville village,206,74.55,36.19,286.46,72.7
2010,1773943,Sun River Terrace village,227,6.58,2.89,67.13,64.23
2010,1732967,Harmon village,55,11.01,19.65,1.06,70.32
2010,1766989,St. Libory village,271,25.08,9.22,3.95,73.58
2010,1733630,Hawthorn Woods village,2571,477.0,18.55,14.66,94.57
2010,1730900,Grandwood Park CDP,1830,11.78,0.64,53.03,79.66
2010,1761080,Pontoosuc village,108,7.61,6.98,8.52,42.21
2010,1716119,Congerville village,177,68.81,38.66,3.62,88.08
2010,1749945,Monee village,2100,415.64,19.79,2.75,78.17
2010,1737647,Ipava village,242,71.08,29.25,40.01,71.66
2010,1734449,Heyworth village,1055,334.24,31.68,20.34,85.43
2010,1760599,Pleasant Plains village,327,43.35,13.26,43.02,76.25
2010,1761067,Pontoon Beach village,2453,176.28,7.18,19.63,68.89
2010,1777863,Vienna city,737,99.82,13.53,27.34,60.04
2010,1750491,Morris city,6009,196.04,3.26,30.22,52.24
2010,1746383,Manito village,710,272.09,38.32,16.7,82.71
2010,1769186,Shelbyville city,2307,183.72,7.96,21.38,72.71
2010,1701556,Annapolis CDP,18,0.99,5.48,29.85,110.15
2010,1781191,White City village,108,8.28,7.6,32.75,73.92
2010,1725960,Fidelity village,54,6.71,12.42,0.09,57.47
2010,1740156,Kirkland village,641,92.54,14.41,8.2,72.72
2010,1738414,Jerseyville city,3756,1162.11,30.94,-8.43,64.43
2010,1745278,Lyndon village,264,78.5,29.73,-0.61,78.13
2010,1764616,Robbins village,2047,177.35,8.66,71.96,51.87
2010,1764343,River Grove village,4427,57.44,1.3,41.2,56.83
2010,1741716,Lakewood Shores CDP,552,26.02,4.71,33.3,82.21
2010,1775822,Towanda village,222,110.63,49.61,6.75,73.35
2010,1742971,Le Roy city,1502,117.35,7.81,13.36,77.92
2010,1784220,Zion city,9061,499.53,5.51,38.18,55.61
2010,1730588,Gorham village,104,15.25,14.67,35.72,67.6
2010,1701881,Arcola city,1139,42.96,3.77,-21.16,80.14
2010,1731368,Greenfield city,512,12.9,2.52,57.37,64.24
2010,1711618,Casey city,1355,129.6,9.56,19.19,56.13
2010,1767236,Salem city,3430,243.42,7.09,14.12,57.12
2010,1754222,North Utica village,598,95.89,16.04,74.0,64.46
2010,1776407,Tuscola city,2116,142.99,6.75,5.27,66.16
2010,1764902,Rockdale village,853,152.2,17.82,54.58,50.57
2010,1781048,Wheaton city,20111,375.72,1.87,21.71,68.7
2010,1723425,Elliott village,131,12.35,9.36,94.48,69.36
2010,1769524,Shiloh village,5098,817.31,16.03,4.48,53.12
2010,1707913,Breese city,1872,32.0,1.71,23.7,76.11
2010,1714286,Christopher city,1179,94.8,8.03,6.57,70.15
2010,1767925,Scales Mound village,182,41.79,22.84,19.88,76.21
2010,1754820,Oak Lawn village,23516,345.4,1.47,198.17,75.51
2010,1723191,Elizabethtown village,196,31.54,16.01,16.31,56.36
2010,1700113,Abingdon city,1452,104.69,7.21,6.91,64.53
2010,1707640,Braceville village,317,45.16,14.25,93.32,75.27
2010,1707315,Boody CDP,124,18.99,15.32,88.62,72.85
2010,1700685,Algonquin village,10727,430.67,4.01,7.52,85.49
2010,1704351,Beardstown city,2377,123.58,5.2,9.75,54.28
2010,1780242,Western Springs village,4590,135.77,2.96,10.63,90.51
2010,1701426,Andalusia village,463,73.14,15.76,491.77,84.37
2010,1731563,Green Valley village,287,82.45,28.73,99.39,77.75
2010,1710695,Camden village,49,6.04,12.07,6.66,46.66
2010,1764837,Rock City village,128,25.31,19.77,0.31,78.43
2010,1777044,Ursa village,270,11.91,4.39,3.71,66.58
2010,1704598,Beecher City village,214,15.69,7.3,22.98,76.93
2010,1744381,Lomax village,211,82.22,38.96,0.62,68.97
2010,1744836,Lost Nation CDP,364,38.62,10.61,14.38,64.1
2010,1768328,Scott AFB CDP,1238,490.49,39.59,1.6,33.89
2010,1762757,Ransom village,159,28.96,18.22,47.47,74.4
2010,1723776,Elsah village,129,55.12,42.73,-8.73,150.52
2010,1765403,Rome CDP,745,46.48,6.24,44.22,63.67
2010,1703012,Aurora city,67273,2678.55,3.98,19.87,64.56
2010,1724985,Fairmount village,279,18.18,6.49,20.49,75.76
2010,1772884,Stonefort village,142,14.71,10.36,41.83,70.93
2010,1751479,Murrayville village,260,20.77,7.96,38.56,79.89
2010,1709551,Buncombe village,92,7.89,8.48,24.44,62.57
2010,1781295,White Heath CDP,134,24.24,17.96,167.88,69.06
2010,1745726,Machesney Park village,9351,352.63,3.77,33.99,74.26
2010,1718706,Davis village,271,53.58,19.77,0.3,79.62
2010,1718251,Cypress village,110,15.0,13.51,27.33,65.08
2010,1778149,Virden city,1598,107.83,6.74,25.59,60.66
2010,1707263,Bonnie village,192,18.55,9.66,22.41,47.82
2010,1774665,Tennessee village,71,15.45,21.76,8.63,51.41
2010,1755756,Old Shawneetown village,105,11.87,11.3,21.23,60.08
2010,1756887,Oswego village,10387,1739.56,16.75,4.87,80.96
2010,1780073,West City village,342,15.98,4.66,-10.31,62.21
2010,1705261,Benson village,186,42.13,22.65,4.44,78.82
2010,1743094,Lexington city,867,218.08,25.12,0.86,74.74
2010,1744524,Long Grove village,2593,754.14,29.08,4.73,90.01
2010,1752415,New Douglas village,152,4.98,3.25,32.7,64.74
2010,1755379,Ohio village,239,31.22,13.01,76.06,63.18
2010,1773287,Sublette village,213,67.49,31.69,105.14,65.43
2010,1775419,Time village,16,1.3,8.1,-25.98,52.78
2010,1753234,Normal town,18815,685.26,3.64,5.93,54.03
2010,1765754,Rose Hill village,50,4.36,8.72,16.52,57.51
2010,1767821,Savanna city,1672,274.8,16.43,15.21,55.15
2010,1729431,Gladstone village,137,43.12,31.48,5.95,82.26
2010,1729125,Gibson City city,1580,112.48,7.11,7.04,65.6
2010,1708446,Broadview village,3321,58.98,1.78,131.18,59.13
2010,1717887,Crystal Lake city,15176,347.17,2.29,15.5,76.43
2010,1723971,Emden village,229,100.16,43.55,10.05,53.18
2010,1770005,Simpson village,27,4.42,15.8,22.56,74.4
2010,1737127,Illiopolis village,384,80.08,20.85,62.99,67.07
2010,1783349,Woodstock city,9766,968.04,9.91,16.43,65.73
2010,1704000,Bartelso village,224,15.15,6.73,30.17,81.53
2010,1721618,East Carondelet village,201,15.89,7.86,6.84,79.72
2010,1747397,Maryville village,3149,48.99,1.56,-12.17,78.01
2010,1747423,Mascoutah city,3037,608.55,20.03,54.84,66.1
2010,1722957,El Dara village,38,2.43,6.39,-9.41,71.55
2010,1728898,Genoa city,1959,292.17,14.91,12.13,72.95
2010,1716054,Concord village,73,13.74,18.82,148.94,77.65
2010,1702505,Ashland village,590,242.86,41.16,22.78,74.75
2010,1767912,Saybrook village,323,249.57,77.03,12.07,64.5
2010,1716691,Country Club Hills city,6101,169.62,2.78,9.63,82.9
2010,1771448,Sparta city,2031,120.99,5.95,13.12,59.98
2010,1756081,Onarga village,499,41.27,8.27,36.31,71.33
2010,1778721,Wamac city,588,55.63,9.46,1.27,54.01
2010,1761223,Port Byron village,741,113.59,15.33,-2.17,75.72
2010,1702986,Augusta village,306,34.7,11.3,13.76,68.39
2010,1721904,East Hazel Crest village,633,18.76,2.96,74.64,75.7
2010,1719616,De Soto village,707,68.7,9.72,39.05,62.73
2010,1772403,Staunton city,2342,114.08,4.87,46.5,72.92
2010,1738778,Junction village,66,7.57,11.3,21.17,62.94
2010,1772156,Spring Valley city,2449,278.53,11.37,10.87,70.56
2010,1781854,Williamsville village,575,90.53,15.74,5.02,83.0
2010,1702342,Arrowsmith village,121,93.21,77.03,12.08,73.27
2010,1766339,Rushville city,1546,179.01,11.58,5.3,71.9
2010,1717471,Creston village,266,9.68,3.63,40.07,60.88
2010,1738570,Joliet city,51284,3717.39,7.25,15.8,67.83
2010,1782725,Witt city,470,39.25,8.33,11.54,53.18
2010,1778929,Warrenville city,5124,91.98,1.79,38.9,65.98
2010,1756536,Orient city,171,10.53,6.16,31.78,75.12
2010,1770226,Smithfield village,104,30.72,29.25,40.0,81.16
2010,1779033,Washington city,6188,578.25,9.34,11.69,71.29
2010,1733331,Harvard city,3340,297.12,8.89,18.68,58.72
2010,1750244,Monticello city,2492,119.74,4.8,-0.4,74.07
2010,1777707,Verona village,89,20.66,22.95,511.19,66.58
2010,1746604,Maple Park village,509,266.38,52.33,7.91,73.01
2010,1713165,Chesterfield village,88,8.05,9.15,34.69,70.73
2010,1725375,Farina village,247,19.41,7.83,-50.89,78.75
2010,1758265,Payson village,416,28.63,6.88,16.95,83.62
2010,1728144,Fulton city,1700,60.78,3.58,16.81,79.9
2010,1756627,Orland Hills village,2457,39.05,1.59,120.15,78.12
2010,1734272,Heritage Lake CDP,518,126.45,24.41,46.5,93.21
2010,1741859,Lanark city,691,113.35,16.38,4.35,77.03
2010,1767132,St. Peter village,159,12.52,7.83,-50.89,84.59
2010,1746110,Magnolia village,109,64.41,58.56,7.93,75.46
2010,1740143,Kinsman village,46,10.79,22.95,512.97,58.71
2010,1715833,Columbia city,3977,121.27,3.05,33.7,78.42
2010,1781938,Willowbrook CDP,779,5.83,0.75,105.41,98.33
2010,1738791,Junction City village,199,20.91,10.45,17.91,70.86
2010,1717094,Crab Orchard CDP,148,14.08,9.45,72.28,78.04
2010,1749009,Milan village,2424,126.59,5.22,52.48,69.17
2010,1734098,Hennepin village,364,213.74,58.56,7.93,66.21
2010,1761678,Prairie Grove village,665,36.01,5.41,18.72,90.67
2010,1730770,Grand Tower city,290,42.54,14.67,35.77,62.15
2010,1730575,Goreville village,462,39.19,8.48,24.46,65.09
2010,1781074,Wheeler village,64,3.97,6.11,9.72,82.03
2010,1768003,Schaumburg village,33609,238.6,0.71,54.26,59.96
2010,1750062,Monroe Center village,185,52.58,28.42,2.32,74.67
2010,1711826,Cave-In-Rock village,181,28.98,16.01,16.34,65.24
2010,1731771,Griggsville city,573,48.45,8.44,-17.19,62.53
2010,1708472,Broadwell village,77,8.79,11.27,99.42,23.24
2010,1723165,Elizabeth village,408,109.01,26.65,9.9,65.09
2010,1766066,Round Lake Park village,3063,180.78,5.9,22.95,61.18
2010,1748268,Melvin village,219,42.04,19.2,9.05,70.63
2010,1745642,Macedonia village,33,2.36,7.15,18.01,62.7
2010,1780255,Westervelt CDP,55,1.18,2.14,46.98,73.8
2010,1710448,Calhoun village,88,6.18,7.02,32.07,75.31
2010,1773027,Stoy village,46,3.29,7.15,15.07,75.4
2010,1704585,Beecher village,1707,873.74,51.19,3.93,73.06
2010,1760833,Plymouth village,248,28.13,11.34,13.72,72.81
2010,1736516,Hull village,222,21.04,9.48,-5.1,70.51
2010,1709304,Buckingham village,107,14.94,13.83,42.82,91.97
2010,1762965,Raymond village,457,79.7,17.44,148.36,69.07
2010,1762744,Rankin village,269,55.53,20.64,196.45,60.5
2010,1716873,Countryside city,2762,112.82,4.08,72.99,61.84
2010,1734514,Hickory Hills city,5487,152.87,2.79,26.4,65.78
2010,1711007,Canton city,5961,344.81,5.78,17.12,58.22
2010,1744602,Longview village,64,8.96,13.78,291.11,76.63
2010,1703948,Barry city,617,58.57,9.48,-5.07,72.41
2010,1766404,Russellville village,62,1.2,1.9,-21.88,54.15
2010,1718719,Davis Junction village,787,223.68,28.42,2.32,88.44
2010,1720890,Du Bois village,102,6.5,6.31,19.55,71.5
2010,1754560,Oakbrook Terrace city,1255,23.9,1.9,-14.47,54.17
2010,1768822,Shabbona village,395,139.05,35.11,18.66,64.38
2010,1751999,Neponset village,213,100.62,47.02,4.43,78.4
2010,1729041,Germantown village,530,35.23,6.65,40.71,76.59
2010,1755210,Odin village,446,44.86,10.06,21.18,75.22
2010,1754586,Oakdale village,87,5.49,6.31,19.68,91.26
2010,1743770,Lindenhurst village,5215,189.89,3.64,5.87,85.74
2010,1762367,Quincy city,18654,565.17,3.03,17.47,59.72
2010,1780008,West Brooklyn village,60,19.33,31.69,105.18,72.25
2010,1770720,South Elgin village,7471,274.07,3.67,18.3,85.86
2010,1716470,Cortland town,1530,1206.21,78.84,7.98,73.22
2010,1727663,Franklin village,273,62.16,22.69,20.64,76.05
2010,1732616,Hanaford village,154,19.35,12.48,23.1,68.97
2010,1722164,East Peoria city,10589,608.09,5.74,13.41,69.57
2010,1726116,Findlay village,351,105.28,29.91,2.92,65.23
2010,1706184,Bismarck village,234,15.16,6.48,184.91,81.14
2010,1732850,Hardin village,430,33.79,7.84,40.73,71.89
2010,1728950,Georgetown CDP,210,22.66,10.74,27.58,67.28
2010,1700919,Alma village,176,14.81,8.42,12.14,59.83
2010,1771526,Spillertown village,104,8.85,8.43,15.05,60.29
2010,1702752,Atlanta city,762,251.98,33.07,3.74,54.58
2010,1723945,Elwood village,923,134.58,14.57,16.82,80.07
2010,1770031,Sims village,116,5.17,4.42,27.6,67.29
2010,1704013,Bartlett village,14508,349.69,2.41,13.01,84.94
2010,1712203,Centreville city,2336,350.5,15.0,17.21,43.87
2010,1702531,Ashley city,271,17.11,6.31,19.66,71.06
2010,1742171,La Rose village,65,39.71,60.17,11.08,68.83
2010,1782400,Winfield village,3544,57.99,1.64,117.94,85.55
2010,1737465,Ingalls Park CDP,1351,27.33,2.02,43.16,64.57
2010,1721605,East Cape Girardeau village,185,104.22,56.34,2.12,57.07
2010,1726480,Florence village,28,2.27,8.1,-25.92,49.83
2010,1700867,Allenville village,72,4.88,6.68,33.97,56.24
2010,1773638,Summit village,3683,236.25,6.41,55.17,48.03
2010,1747254,Martinsville city,564,54.05,9.57,19.18,56.71
2010,1732525,Hampshire village,2030,410.91,20.23,48.15,114.59
2010,1721267,Du Quoin city,2941,234.56,7.97,24.38,56.33
2010,1753377,Norridge village,5959,74.62,1.25,39.09,77.78
2010,1747072,Maroa city,755,340.87,45.15,10.74,76.94
2010,1757693,Parkersburg village,92,6.53,7.02,31.96,82.45
2010,1757875,Park Ridge city,15030,255.39,1.7,-0.34,79.69
2010,1721280,Durand village,576,73.13,12.67,9.77,83.82
2010,1717406,Crescent City village,275,12.73,4.61,79.83,67.89
2010,1783622,Wyanet village,436,226.8,52.02,28.91,68.81
2010,1738544,Johnston City city,1696,117.56,6.93,6.08,62.97
2010,1715664,Colona city,2081,200.7,9.64,11.52,82.07
2010,1712684,Chatham village,4498,156.87,3.49,27.57,82.31
2010,1770213,Smithboro village,69,8.18,11.85,22.98,79.13
2010,1715469,Coleta village,70,3.21,4.52,8.47,80.25
2010,1741157,Lake Holiday CDP,1948,171.86,8.82,3.08,92.64
2010,1738895,Kaneville village,195,22.57,11.52,3.63,73.56
2010,1714351,Cicero town,24329,853.0,3.51,27.17,46.19
2010,1764746,Rochelle city,4143,154.98,3.74,18.72,57.64
2010,1734865,Highwood city,1943,33.72,1.74,-16.84,46.22
2010,1761860,Preston Heights CDP,960,106.98,11.14,8.88,63.35
2010,1757277,Palestine village,672,54.69,8.14,16.72,47.82
2010,1759988,Pingree Grove village,1625,520.55,32.01,31.88,73.18
2010,1728170,Fults village,10,0.75,6.82,5.66,73.15
2010,1745811,McLean village,338,208.87,61.61,20.9,77.75
2010,1712970,Cherry village,219,28.48,13.01,76.05,65.05
2010,1779267,Wauconda village,5362,769.78,14.35,15.07,75.73
2010,1746279,Malta village,454,52.65,11.57,0.4,77.89
2010,1714533,Claremont village,91,6.39,7.02,32.06,74.53
2010,1760339,Plainville village,110,7.64,6.88,16.99,80.64
2010,1731165,Grayville city,843,87.84,10.42,19.24,66.31
2010,1715807,Colp village,114,5.83,5.07,37.73,58.2
2010,1757472,Pana city,3084,165.2,5.36,14.66,56.18
2010,1739129,Kaskaskia village,18,1.38,7.28,16.22,8.96
2010,1748853,Middletown village,174,19.73,11.27,99.71,23.15
2010,1768120,Schram City village,295,17.03,5.77,6.76,56.48
2010,1742912,Leonore village,61,14.67,23.66,24.51,68.14
2010,1745031,Loves Park city,10373,652.42,6.29,11.91,65.3
2010,1764928,Rock Falls city,4122,126.13,3.06,14.62,63.55
2010,1760937,Polo city,1091,94.86,8.69,7.51,68.03
2010,1724348,Equality village,301,34.02,11.3,21.25,64.62
2010,1775991,Trenton city,1228,187.93,15.3,11.6,71.86
2010,1709889,Burnt Prairie village,35,4.45,12.71,4.19,51.56
2010,1749100,Millbrook village,122,14.2,11.55,316.55,83.55
2010,1711124,Capron village,490,111.79,22.81,-1.66,81.65
2010,1720370,Dorchester village,61,2.28,3.68,82.58,77.9
2010,1763355,Rentchler CDP,12,0.81,6.22,5.02,87.08
2010,1770850,South Holland village,7797,172.45,2.21,57.19,84.51
2010,1776511,Twin Grove CDP,616,150.0,24.35,21.19,84.54
2010,1727858,Freeman Spur village,133,8.39,6.31,32.6,73.33
2010,1704572,Bedford Park village,219,3.55,1.61,183.64,70.27
2010,1764811,Rockbridge village,85,2.16,2.52,56.76,60.47
2010,1752961,Niantic village,291,68.69,23.6,30.79,80.11
2010,1709317,Buckley village,274,20.69,7.52,7.54,68.25
2010,1748671,Mettawa village,229,17.72,7.74,26.28,73.24
2010,1751453,Murphysboro city,4011,338.6,8.44,12.32,54.25
2010,1763043,Red Bud city,1649,105.38,6.39,11.31,71.76
2010,1709538,Bulpitt village,100,3.54,3.54,39.5,76.63
2010,1784155,Zeigler city,798,70.28,8.8,53.15,71.34
2010,1709531,Bull Valley village,460,67.19,14.61,17.92,72.23
2010,1748073,Media village,56,21.82,38.96,0.6,61.25
2010,1743965,Litchfield city,3158,112.21,3.55,10.83,66.06
2010,1723373,Elkville village,426,41.49,9.72,39.06,60.62
2010,1751232,Moweaqua village,827,246.95,29.86,3.13,74.46
2010,1743744,Lincolnwood village,4640,53.0,1.14,31.68,77.07
2010,1751986,Neoga city,642,41.07,6.4,47.41,73.55
2010,1723009,Eldorado city,2053,225.12,10.97,3.68,59.59
2010,1752506,New Haven village,224,25.68,11.41,-0.13,66.24
2010,1732200,Hainesville village,1281,15.99,1.25,8.36,66.41
2010,1769836,Sidell village,246,15.97,6.49,20.47,82.87
2010,1718472,Damiansville village,174,24.54,14.03,192.89,87.02
2010,1704156,Bath village,161,26.83,16.67,26.22,73.9
2010,1776706,Union village,230,58.99,25.65,9.69,99.38
2010,1729639,Glen Carbon village,5471,166.22,3.04,9.96,61.87
2010,1727455,Fox Lake Hills CDP,1038,71.34,6.87,-5.69,69.7
2010,1759533,Philo village,560,133.09,23.72,78.79,81.67
2010,1722151,Easton village,164,57.85,35.06,34.34,71.01
2010,1755353,Oglesby city,1759,148.21,8.42,105.25,71.68
2010,1729145,Gifford village,392,93.56,23.81,41.16,75.68
2010,1775601,Toledo village,582,58.03,9.95,7.36,64.6
2010,1708667,Brooklyn village,325,29.08,8.92,55.99,29.64
2010,1774223,Sycamore city,7393,864.5,11.69,18.62,64.49
2010,1703610,Bannockburn village,375,19.33,5.14,4.79,106.48
2010,1721852,East Gillespie village,118,5.41,4.55,20.2,72.47
2010,1778123,Viola village,410,92.31,22.46,14.4,79.05
2010,1759156,Perry village,210,17.73,8.44,-17.21,55.35
2010,1779293,Waukegan city,30745,1131.01,3.68,58.38,51.58
2010,1727702,Franklin Park village,6568,69.06,1.05,30.01,73.52
2010,1712567,Charleston city,8641,259.38,3.0,36.19,46.54
2010,1740988,Lake Catherine CDP,748,26.77,3.58,8.99,52.65
2010,1765338,Rolling Meadows city,9424,106.24,1.13,24.78,71.14
2010,1729093,German Valley village,192,35.24,18.35,4.47,73.18
2010,1749854,Mokena village,6585,540.77,8.21,1.63,85.09
2010,1712164,Centralia city,6378,635.83,9.97,2.33,55.92
2010,1753585,North City village,281,21.45,7.63,10.62,73.05
2010,1737218,Indian Creek village,171,35.58,20.68,3.6,64.16
2010,1704975,Bellwood village,6626,127.52,1.92,46.98,67.63
2010,1742769,Leland Grove city,716,12.34,1.72,-20.57,74.59
2010,1775172,Thomson village,259,55.92,21.51,3.88,71.14
2010,1730978,Grantfork village,137,6.7,4.85,45.33,80.86
2010,1702414,Arthur village,1029,67.78,6.59,33.93,58.1
2010,1719837,Diamond village,1004,65.98,6.57,11.47,75.35
2010,1761216,Port Barrington village,558,11.77,2.11,24.01,82.35
2010,1733318,Hartsburg village,140,60.97,43.55,10.05,56.57
2010,1756198,Opdyke CDP,104,10.05,9.66,22.36,56.48
2010,1729730,Glendale Heights village,11864,194.61,1.64,19.77,70.47
2010,1742587,Lee village,138,50.99,36.68,19.58,69.23
2010,1704806,Belle Rive village,157,15.16,9.66,22.4,53.17
2010,1702258,Aroma Park village,305,7.12,2.33,20.21,95.14
2010,1758447,Pekin city,14713,943.35,6.41,13.17,72.22
2010,1705573,Berwyn city,20719,668.5,3.23,37.62,53.99
2010,1701140,Altona village,227,123.78,54.29,9.59,77.48
2010,1771240,South Roxana village,863,26.74,3.09,24.72,72.11
2010,1750868,Mount Carmel city,3464,185.38,5.35,2.56,66.19
2010,1761145,Poplar Grove village,1748,351.27,20.1,21.0,87.16
2010,1746136,Mahomet village,2744,289.98,10.56,86.38,83.04
2010,1767444,Sandoval village,558,58.43,10.45,17.92,67.01
2010,1707510,Bowen village,212,23.96,11.3,13.77,83.35
2010,1764486,Riverton village,1430,386.65,27.02,13.56,71.78
2010,1799999,"Unincorporated, Adams County",661593,75368.79,11.39,18.15,73.31
2010,1741586,Lake Villa village,3178,213.45,6.71,-0.64,78.14
2010,1738427,Jewett village,94,9.46,9.95,7.33,71.4
2010,1705612,Bethany village,589,18.86,3.2,-1.65,72.98
2010,1759884,Pinckneyville city,1666,105.21,6.31,13.1,82.44
2010,1704715,Belknap village,59,7.97,13.51,27.36,54.42
2010,1760144,Pistakee Highlands CDP,1405,42.12,3.0,-8.74,83.52
2010,1773131,Strawn village,45,10.27,22.34,16.62,59.17
2010,1758057,Patoka village,278,46.29,16.59,8.47,75.42
2010,1742834,Lena village,1283,269.03,20.97,15.18,74.11
2010,1750283,Montrose village,103,3.22,3.12,35.19,65.95
2010,1746825,Marietta village,52,15.5,29.25,40.05,78.29
2010,1720149,Dixmoor village,1301,111.63,8.57,43.93,45.31
2010,1730159,Golden village,278,33.66,12.11,16.19,74.35
2010,1711150,Carbon Cliff village,885,170.29,19.24,0.88,69.26
2010,1770590,South Beloit city,3385,393.22,11.62,10.32,62.46
2010,1743406,Lily Lake village,335,34.74,10.34,-0.14,95.22
2010,1709434,Buffalo village,218,45.67,20.85,62.99,66.39
2010,1701270,Amboy city,1096,59.83,5.45,24.16,63.04
2010,1700672,Alexis village,385,62.2,16.11,35.07,75.93
2010,1766794,St. Elmo city,616,31.96,5.19,27.63,78.83
2010,1748645,Metropolis city,3206,333.96,10.41,23.86,57.11
2010,1701242,Alvan village,112,16.76,14.97,79.68,79.19
2010,1740182,Kirkwood village,308,82.77,26.79,1.32,69.49
2010,1709980,Burr Ridge village,4289,203.17,4.74,53.51,87.76
2010,1706704,Blue Island city,8854,347.09,3.92,64.42,46.31
2010,1739922,Kinderhook village,109,10.43,9.48,-5.05,66.67
2010,1731446,Green Oaks village,1184,58.27,4.92,12.76,95.93
2010,1713139,Chester city,2193,150.61,6.87,11.7,71.13
2010,1759234,Peru city,4807,213.29,4.44,46.35,66.03
2010,1705144,Bement village,707,53.12,7.51,5.33,78.97
2010,1720565,Dowell village,200,19.44,9.72,39.02,56.91
2010,1717783,Crossville village,358,51.24,14.31,21.28,73.99
2010,1768809,Seymour CDP,122,21.48,17.47,56.12,67.39
2010,1754638,Oak Forest city,10671,194.65,1.82,99.02,72.38
2010,1727065,Forreston village,633,83.49,13.19,6.26,71.97
2010,1775718,Tonica village,335,79.49,23.66,24.51,74.28
2010,1771643,Springerton village,55,7.12,12.71,4.07,68.17
2010,1751089,Mount Prospect village,21836,185.22,0.85,38.17,68.45
2010,1784038,Yorkville city,6352,1366.33,21.51,48.26,76.31
2010,1759520,Phillipstown village,22,3.15,14.31,21.11,71.11
2010,1739857,Kilbourne village,143,23.83,16.67,26.24,75.46
2010,1744576,Long Point village,98,29.53,30.13,20.39,72.07
2010,1723724,Elmwood Park village,10090,92.75,0.92,0.54,63.73
2010,1727442,Fox Lake village,5621,861.39,15.32,1.34,54.97
2010,1708875,Broughton village,97,3.61,3.69,7.83,65.37
2010,1774743,Teutopolis village,590,18.24,3.09,34.92,87.77
2010,1702882,Atwood village,569,40.08,7.03,16.76,61.84
2010,1783739,Xenia village,193,45.71,23.69,-10.23,72.49
2010,1778227,Volo village,1219,163.95,13.44,4.59,73.63
2010,1775614,Tolono village,1405,333.32,23.72,78.78,76.67
2010,1726710,Ford Heights village,859,95.71,11.14,76.09,56.35
2010,1729392,Girard city,940,49.93,5.31,25.98,61.26
2010,1706899,Bluffs village,316,43.51,13.73,61.93,65.03
2010,1718992,Deerfield village,6907,179.85,2.6,45.45,82.0
2010,1751882,Nebo village,159,12.95,8.1,-25.98,78.02
2010,1767873,Sawyerville village,129,9.76,7.57,32.84,74.94
2010,1744407,Lombard village,18454,381.12,2.07,21.79,67.47
2010,1711202,Carlinville city,2615,114.05,4.36,5.33,61.65
2010,1762783,Rantoul village,5983,535.85,8.95,9.16,42.74
2010,1715261,Coatsburg village,78,3.43,4.39,3.53,54.32
2010,1780736,West Peoria city,2123,49.05,2.31,-13.74,65.6
2010,1704039,Bartonville village,2811,94.95,3.38,14.33,73.77
2010,1732499,Hammond village,243,18.26,7.51,5.35,67.6
2010,1771474,Spaulding village,323,87.41,27.06,13.58,80.35
2010,1766040,Round Lake Beach village,8586,221.34,2.58,5.6,79.65
2010,1752623,Newman city,421,50.83,12.07,72.18,63.26
2010,1752285,New Burnside village,99,15.64,15.8,22.4,74.0
2010,1732018,Gurnee village,12031,186.06,1.55,13.35,71.34
2010,1729080,Germantown Hills village,1218,174.69,14.34,2.64,89.5
2010,1775185,Thornton village,1027,14.64,1.43,40.34,90.88
2010,1742028,Lansing village,11740,334.62,2.85,67.77,71.6
2010,1742756,Leland village,399,109.84,27.53,6.9,72.92
2010,1753390,Norris village,102,20.76,20.16,5.29,62.05
2010,1778916,Warrensburg village,519,122.74,23.6,30.79,76.73
2010,1753559,North Chicago city,7744,1415.94,18.28,8.15,34.52
2010,1753000,Niles village,12571,125.35,1.0,77.72,69.61
2010,1740884,Lake Barrington village,2436,97.64,4.01,33.51,76.39
2010,1779735,Wellington village,109,5.1,4.63,36.99,76.37
2010,1753481,Northbrook village,13434,232.51,1.73,30.27,79.92
2010,1746058,Maeystown village,66,4.71,7.13,26.49,72.24
2010,1747475,Mason City city,1107,54.4,4.91,57.4,65.14
2010,1772520,Steger village,4141,107.8,2.6,70.6,52.18
2010,1750920,Mount Clare village,134,4.97,3.68,82.7,65.86
2010,1779085,Washington Park village,1677,417.5,24.9,22.17,47.6
2010,1738635,Jonesboro city,816,96.29,11.8,75.16,61.13
2010,1764655,Roberts village,187,17.59,9.36,94.56,59.76
2010,1733162,Harrison CDP,439,45.55,10.35,19.06,66.42
2010,1769147,Sheffield village,418,197.01,47.02,4.44,78.39
2010,1781867,Willisville village,281,21.36,7.6,23.88,65.84
2010,1737998,Ivesdale village,125,29.65,23.72,78.75,66.75
2010,1739324,Kell village,90,4.64,5.1,20.93,81.79
2010,1701049,Altamont city,985,40.94,4.15,14.52,70.61
2010,1764304,River Forest village,4176,58.75,1.41,41.57,84.82
2010,1757498,Panama village,177,11.66,6.59,17.73,49.15
2010,1772234,Standard City village,74,3.54,4.73,30.3,57.83
2010,1714026,Chicago Heights city,11059,731.32,6.61,99.49,55.98
2010,1742938,Lerna village,128,17.05,13.21,8.85,71.44
2010,1742249,Latham village,181,13.6,7.47,59.68,55.59
2010,1738986,Kansas village,379,26.9,7.08,15.49,69.09
2010,1776199,Troy city,3959,172.13,4.35,30.54,66.94
2010,1730094,Godfrey village,7707,334.97,4.35,20.71,78.56
2010,1757654,Park City city,2686,78.13,2.91,67.73,48.39
2010,1766924,St. Johns village,106,9.09,8.58,23.07,54.55
2010,1734332,Herrick village,197,9.41,4.77,42.51,64.47
2010,1749698,Mitchell CDP,548,16.99,3.09,24.75,74.96
2010,1764018,Ridgway village,455,51.93,11.41,-0.17,65.74
2010,1740065,Kingston village,402,57.95,14.41,8.19,77.51
2010,1710149,Butler village,83,6.72,8.09,14.04,73.7
2010,1739077,Karnak village,259,30.11,11.58,29.83,59.96
2010,1738856,Kampsville village,202,15.84,7.84,40.77,52.03
2010,1769563,Shipman town,259,37.51,14.48,28.84,73.62
2010,1749477,Milton village,117,9.55,8.1,-26.0,84.33
2010,1719915,Dieterich village,248,17.75,7.13,18.82,76.39
2010,1744823,Lostant village,206,48.97,23.66,24.51,78.18
2010,1749308,Millington village,242,39.1,16.16,82.97,78.4
2010,1777005,Urbana city,19089,478.42,2.51,87.43,30.03
2010,1777551,Vermilion village,109,7.72,7.08,15.5,68.86
2010,1780281,Westfield village,283,26.59,9.4,16.02,72.37
2010,1745694,McHenry city,10741,916.88,8.54,38.78,70.79
2010,1700646,Aledo city,1676,45.6,2.72,37.06,59.94
2010,1723555,Ellsworth village,93,71.64,77.03,12.07,63.23
2010,1748892,Midlothian village,5500,78.72,1.43,87.51,69.48
2010,1709330,Buckner village,222,16.65,7.5,12.12,69.63
2010,1736815,Hurst city,392,19.86,5.07,37.91,60.32
2010,1700243,Addison village,12581,289.43,2.3,44.01,71.57
2010,1715495,Colfax village,447,318.09,71.16,1.6,75.64
2010,1728742,Garrett village,73,4.84,6.54,34.01,55.25
2010,1745564,McCook village,115,4.87,4.23,51.13,52.03
2010,1777317,Vandalia city,2666,247.03,9.26,16.92,55.81
2010,1722736,Effingham city,5696,156.33,2.74,22.25,62.74
2010,1781256,White Hall city,1163,98.4,8.46,0.5,63.96
2010,1724673,Ewing village,137,17.1,12.48,23.14,73.26
2010,1720591,Downers Grove village,20477,707.47,3.45,24.48,72.48
2010,1769810,Sibley village,148,28.6,19.2,9.05,62.47
2010,1751661,Naples town,68,9.47,13.73,61.89,54.32
2010,1754625,Oakford village,127,36.82,28.77,21.13,75.02
2010,1723022,Eldred village,111,4.75,4.24,-3.97,46.59
2010,1762848,Raritan village,63,24.94,38.96,0.64,69.12
2010,1717939,Crystal Lawns CDP,729,4.94,0.68,25.1,78.2
2010,1715300,Cobden village,470,34.07,7.25,40.37,74.27
2010,1736074,Hooppole village,82,23.41,28.21,5.37,81.17
2010,1718459,Dalzell village,315,79.49,25.23,2.51,72.69
2010,1716405,Cornell village,216,65.39,30.13,20.38,67.26
2010,1723737,El Paso city,1114,462.54,41.52,3.75,77.64
2010,1728638,Gardner village,627,89.69,14.28,93.79,70.07
2010,1782855,Wonder Lake village,1607,214.05,13.31,9.58,77.12
2010,1702726,Atkinson town,459,129.47,28.21,5.35,69.93
2010,1765221,Rockwood village,16,1.42,8.87,11.76,86.08
2010,1755886,Olivet CDP,161,11.34,7.04,12.7,85.97
2010,1752168,New Berlin village,553,73.44,13.26,43.05,75.54
2010,1767860,Savoy village,3411,361.69,10.6,75.77,44.84
2010,1719031,Deer Grove village,21,8.16,37.09,1.73,63.39
2010,1730133,Golconda city,405,49.76,12.26,36.91,53.9
2010,1726012,Fieldon village,113,46.94,41.54,2.49,70.21
2010,1755249,O'Fallon city,11414,404.35,3.54,16.17,64.22
2010,1718030,Cullom village,271,61.89,22.84,36.04,45.28
2010,1774119,Swansea village,5703,280.07,4.91,34.66,71.21
2010,1778851,Warren village,693,158.25,22.84,19.87,76.43
2010,1753169,Nokomis city,1070,81.43,7.61,3.76,71.49
2010,1721540,Earlville city,762,162.02,21.23,105.03,62.66
2010,1700815,Allendale village,203,16.13,7.91,31.0,72.39
2010,1774379,Tallula village,236,67.89,28.77,21.13,69.42
2010,1752701,New Milford village,295,35.57,12.02,21.77,80.68
2010,1769368,Sherrard village,297,37.19,12.48,0.22,72.46
2010,1766196,Royal Lakes village,107,8.86,8.2,252.84,63.96
2010,1782530,Winnetka village,4425,104.75,2.37,25.46,79.64
2010,1718147,Curran village,94,6.32,6.65,21.02,78.08
2010,1728963,Georgetown city,1537,96.01,6.25,2.9,60.75
2010,1719499,De Pue village,688,26.17,3.8,26.73,70.45
2010,1721098,Dunfermline village,131,8.02,6.07,55.69,79.11
2010,1764278,Riverdale village,5417,343.68,6.34,61.63,43.1
2010,1782270,Winchester city,759,47.65,6.27,8.07,60.8
2010,1713230,Chestnut CDP,109,8.15,7.47,59.76,60.08
2010,1702479,Ashkum village,329,15.18,4.61,79.82,70.47
2010,1775159,Thompsonville village,258,32.21,12.48,23.13,68.81
2010,1782075,Wilmette village,10290,155.75,1.51,16.27,77.44
2010,1706171,Bishop Hill village,65,23.09,35.52,28.48,66.58
2010,1774970,The Galena Territory CDP,2142,366.55,17.11,7.29,21.83
2010,1765000,Rockford city,66699,3713.84,5.57,16.34,51.98
2010,1775081,Third Lake village,419,8.04,1.91,23.64,85.21
2010,1746487,Mansfield village,414,74.35,17.96,168.01,70.35
2010,1741105,Lake Forest city,7444,233.53,3.14,11.07,78.08
2010,1741456,Lake Summerset CDP,1303,209.43,16.07,3.99,51.43
2010,1746331,Manchester village,137,8.63,6.25,7.81,61.37
2010,1769797,Shumway village,90,6.64,7.3,22.99,79.3
2010,1779813,Wenona city,495,200.23,40.37,3.22,69.18
2010,1745824,McLeansboro city,1455,266.11,18.28,-25.38,60.02
2010,1781815,Williamson village,109,3.55,3.25,32.78,65.52
2010,1757394,Palos Hills city,7637,106.37,1.39,66.77,74.29
2010,1750621,Morton village,6972,474.67,6.81,84.12,70.6
2010,1734982,Hillcrest village,422,15.83,3.75,37.89,77.33
2010,1782101,Wilmington city,2425,123.06,5.07,18.51,67.52
2010,1741214,Lake Ka-Ho village,156,11.93,7.6,32.72,52.43
2010,1772221,Standard village,117,53.13,45.02,47.61,60.5
2010,1757628,Paris city,4284,314.09,7.33,17.2,63.51
2010,1749048,Milford village,654,30.34,4.63,37.06,69.21
2010,1782088,Wilmington village,56,2.42,4.24,-4.0,64.67
2010,1761015,Pontiac city,4686,179.72,3.84,29.08,65.17
2010,1750933,Mount Erie village,53,4.33,8.16,26.1,58.87
2010,1761548,Prairie City village,162,20.7,12.77,20.95,85.18
2010,1701673,Apple River village,195,44.53,22.84,19.87,69.61
2010,1714273,Chrisman city,645,48.63,7.54,6.99,65.91
2010,1777941,Villa Grove city,1101,88.22,8.01,-0.86,76.11
2010,1720162,Dixon city,6309,389.58,6.17,21.86,63.76
2010,1775965,Tremont village,942,203.0,21.55,31.42,73.1
2010,1740676,La Fayette village,92,63.5,69.02,3.24,78.13
2010,1710487,Calumet City city,15645,674.72,4.31,47.44,53.89
2010,1711176,Carbon Hill village,143,7.41,5.15,16.0,80.27
2010,1701491,Andover village,237,16.24,6.85,23.39,87.72
2010,1710370,Cahokia village,6055,359.72,5.94,16.31,45.51
2010,1711774,Catlin village,886,82.8,9.34,162.1,73.17
2010,1744173,Loami village,319,42.42,13.26,43.03,72.38
2010,1740416,Knoxville city,1248,56.51,4.52,5.48,71.88
2010,1709798,Burnham village,1544,29.25,1.89,91.8,61.08
2010,1767795,Saunemin village,163,38.75,23.63,23.16,77.68
2010,1724062,Emington village,51,11.65,22.84,36.06,50.72
2010,1768198,Sciota village,31,11.06,35.69,5.58,76.3
2010,1743510,Limestone village,598,16.86,2.82,-0.03,85.45
2010,1754924,Oak Run CDP,635,219.98,34.64,8.84,32.65
2010,1751154,Mount Sterling city,994,101.68,10.23,6.21,32.11
2010,1748138,Medora village,176,16.17,9.19,33.89,78.75
2010,1731667,Greenwood village,99,17.24,17.24,10.74,80.55
2010,1739909,Kincaid village,746,26.47,3.54,39.23,69.54
2010,1766131,Roxana village,697,41.02,5.88,26.4,62.48
2010,1711332,Carol Stream village,15049,175.57,1.17,48.84,68.99
2010,1740091,Kingston Mines village,135,17.22,12.66,39.24,80.93
2010,1710773,Campbell Hill village,156,14.78,9.48,57.42,70.35
2010,1744082,Little York village,151,40.71,26.79,1.3,65.49
2010,1770460,Somonauk village,778,285.42,36.69,2.33,73.26
2010,1724608,Evansville village,305,41.63,13.65,5.72,66.5
2010,1706613,Bloomington city,34339,2495.59,7.27,28.28,57.28
2010,1765819,Rosemont village,1769,28.4,1.6,91.91,39.39
2010,1707419,Boulder Hill CDP,2951,21.34,0.72,42.48,83.53
2010,1772260,Stanford village,254,157.12,61.61,20.9,74.22
2010,1744225,Lockport city,9251,490.93,5.31,53.36,84.1
2010,1716431,Cornland CDP,43,4.85,11.27,99.51,27.04
2010,1744550,Long Lake CDP,1345,45.06,3.35,-1.46,75.76
2010,1736061,Hoopeston city,2528,151.76,6.0,6.98,60.2
2010,1711358,Carpentersville village,11583,197.21,1.7,5.15,71.27
2010,1773495,Sullivan city,2088,127.15,6.09,28.37,67.59
2010,1735814,Homer village,511,70.41,13.78,291.39,76.0
2010,1738323,Jeffersonville village,178,7.0,3.91,21.13,66.87
2010,1718446,Dalton City village,219,15.72,7.18,11.01,76.2
2010,1755418,Ohlman village,64,4.95,7.61,3.7,70.42
2010,1755899,Olmsted village,179,20.73,11.58,29.8,58.12
2010,1727644,Frankfort Square CDP,3062,237.89,7.77,0.29,91.33
2010,1783245,Woodridge village,13391,261.25,1.95,34.86,66.66
2010,1729171,Gilberts village,2274,716.15,31.48,31.18,77.59
2010,1719798,De Witt village,85,17.57,20.43,243.91,71.39
2010,1769979,Silvis city,3547,159.76,4.5,10.12,59.81
2010,1715209,Coalton village,137,10.5,7.61,3.77,74.69
2010,1739233,Keenes village,43,1.94,4.42,27.86,58.93
2010,1774561,Taylor Springs village,281,15.39,5.46,18.65,49.03
2010,1762211,Pulaski village,115,23.73,20.45,5.97,54.36
2010,1718537,Danvers village,452,308.24,68.19,21.68,86.1
2010,1711228,Carlyle city,1464,92.18,6.29,20.6,67.15
2010,1704052,Basco village,54,6.22,11.3,13.85,63.74
2010,1726350,Flat Rock village,167,12.65,7.58,37.52,72.2
2010,1779241,Watson village,281,22.97,8.17,16.19,91.25
2010,1756471,Oreana village,372,47.71,12.82,13.42,81.58
2010,1768991,Shannon village,357,57.44,16.09,4.36,77.64
2010,1721553,East Alton village,3051,148.0,4.85,20.08,55.75
2010,1749867,Moline city,19855,523.34,2.64,12.92,63.54
2010,1774301,Table Grove village,180,52.65,29.25,40.0,85.63
2010,1752714,New Minden village,102,6.2,6.08,13.6,65.42
2010,1732564,Hampton village,802,125.58,15.64,1.94,62.45
2010,1775360,Timberlane village,296,60.39,20.33,29.34,90.68
2010,1778201,Virginia city,752,105.77,14.07,2.21,67.46
2010,1712151,Central City village,557,64.49,11.58,-3.91,51.9
2010,1737738,Irving village,218,18.25,8.33,11.55,62.7
2010,1742002,Langleyville CDP,166,5.92,3.54,39.23,89.29
2010,1719083,Deer Park village,1139,34.94,3.07,4.68,85.78
2010,1747527,Matherville village,303,37.94,12.48,0.21,80.25
2010,1775783,Toulon city,583,402.4,69.02,3.24,71.43
2010,1782049,Willow Springs village,2404,212.58,8.84,33.62,74.3
2010,1733695,Hazel Crest village,5431,144.26,2.66,67.3,64.63
2010,1783063,Woodhull village,374,132.84,35.52,28.45,73.31
2010,1765078,Rock Island city,17422,835.44,4.8,30.74,60.85
2010,1770252,Smithton village,1411,152.17,10.78,44.58,84.2
2010,1734423,Hettick village,87,20.37,23.15,52.02,65.08
2010,1768510,Secor village,167,69.34,41.52,3.76,68.75
2010,1761821,Prestbury CDP,740,76.16,10.28,56.68,81.26
2010,1721176,Dunlap village,505,137.43,27.21,26.52,82.26
2010,1772780,Stockton village,867,127.93,14.76,6.88,68.32
2010,1753442,North Aurora village,6105,497.79,8.15,10.71,71.85
2010,1761314,Posen village,1883,101.61,5.4,57.48,66.12
2010,1765104,Rock Island Arsenal CDP,50,5.85,11.48,18.95,23.99
2010,1757381,Palos Heights city,5056,57.47,1.14,8.79,90.06
2010,1781802,Williamsfield village,259,75.03,28.97,10.08,77.95
2010,1714000,Chicago city,1194336,51431.65,4.31,37.47,39.73
2010,1776225,Troy Grove village,111,6.13,5.48,19.57,69.98
2010,1738479,Johnsburg village,2398,301.09,12.56,52.12,78.71
2010,1750543,Morrisonville village,459,61.87,13.48,101.46,81.34
2010,1742795,Lemont village,6102,533.94,8.75,47.6,76.38
2010,1730328,Golf village,161,1.94,1.2,29.63,98.64
2010,1734358,Herrin city,5751,354.87,6.17,23.01,60.74
2010,1725895,Ferris village,76,5.3,6.98,8.47,64.68
2010,1760209,Pittsburg village,253,23.99,9.45,72.25,78.64
2010,1710906,Campton Hills village,3607,303.37,8.41,4.76,94.3
2010,1745369,Lynnville village,53,4.45,8.39,17.6,81.72
2010,1740793,La Grange Park village,5829,153.45,2.63,182.91,63.28
2010,1714468,Cissna Park village,455,35.31,7.76,30.91,62.99
2010,1757524,Panola village,18,7.47,41.52,3.8,76.95
2010,1742860,Lenzburg village,229,21.12,9.22,3.98,74.04
2010,1731121,Grayslake village,8201,217.05,2.65,27.27,72.78
2010,1715846,Columbus village,43,2.69,6.11,23.81,74.03
2010,1725414,Farmer City city,918,207.23,22.55,146.61,74.34
2010,1736477,Huey village,71,3.76,5.22,34.62,92.61
2010,1711163,Carbondale city,12418,858.34,6.91,13.84,26.12
2010,1720331,Donovan village,135,13.91,10.31,14.88,73.76
2010,1704533,Beckemeyer village,442,7.55,1.71,23.8,75.51
2010,1744160,Livingston village,416,13.56,3.25,32.84,63.88
2010,1706756,Blue Mound village,501,76.9,15.32,88.7,75.5
2010,1735398,Hoffman village,205,14.79,7.22,2.1,61.78
2010,1748307,Mendon village,375,16.52,4.39,3.7,73.06
2010,1745785,Mackinaw village,799,195.04,24.41,46.49,77.52
2010,1750998,Mount Morris village,1409,107.73,7.64,3.45,69.74
2010,1709447,Buffalo Grove village,17033,743.08,4.36,2.65,78.55
2010,1711982,Cedar Point village,136,5.38,3.93,6.91,57.4
2010,1731589,Greenville city,2346,133.87,5.7,40.11,62.41
2010,1751700,Nashville city,1452,58.25,4.01,35.83,68.44
2010,1770525,Sorento village,240,20.47,8.53,16.76,68.46
2010,1773261,Stronghurst village,398,155.08,38.96,0.62,71.12
2010,1718303,Dahlgren village,241,13.3,5.49,8.54,78.24
2010,1759572,Phoenix village,816,76.09,9.33,49.12,52.85
2010,1783271,Wood River city,4904,288.38,5.88,12.84,71.04
2010,1718498,Danforth village,237,10.93,4.61,79.81,77.65
2010,1718940,Deer Creek village,303,74.96,24.74,44.35,73.9
2010,1765481,Roodhouse city,926,159.7,17.25,6.08,74.48
2010,1736126,Hopedale village,424,183.32,43.24,18.46,60.26
2010,1774574,Taylorville city,5422,309.53,5.71,21.78,59.12
2010,1729340,Gilson CDP,76,22.02,28.97,10.08,87.33
2010,1752142,New Baden village,1332,183.56,13.77,171.14,77.23
2010,1707133,Bolingbrook village,23141,978.46,4.23,29.88,78.9
2010,1765806,Roselle village,9036,207.95,2.3,40.02,75.31
2010,1752545,New Holland village,125,54.43,43.55,10.06,54.28
2010,1702674,Athens city,837,371.16,44.34,5.71,76.02
2010,1778656,Walshville village,29,2.35,8.09,13.92,75.0
2010,1753143,Noble village,332,29.14,8.78,9.84,68.19
2010,1712528,Chapin village,229,43.11,18.82,148.89,75.89
2010,1733513,Havana city,1535,65.01,4.24,28.66,67.62
2010,1769342,Sherman village,1540,242.62,15.74,5.03,87.04
2010,1749893,Momence city,1275,43.28,3.39,34.67,75.33
2010,1771422,Sparland village,179,46.12,25.77,10.29,76.94
2010,1759026,Peoria Heights village,3093,74.05,2.39,26.86,61.92
2010,1721410,Eagarville village,49,3.71,7.42,32.43,87.99
2010,1700737,Alhambra village,253,8.23,3.25,32.73,83.57
2010,1753039,Nilwood town,104,4.91,4.73,30.02,65.58
2010,1729236,Gillespie city,1518,68.98,4.54,20.31,69.79
2010,1783505,Worden village,456,36.62,8.01,3.71,78.31
2010,1756003,Omaha village,131,15.07,11.41,-0.16,69.36
2010,1751726,Nason city,128,14.72,11.5,23.93,62.55
2010,1719161,DeKalb city,16436,860.2,5.23,7.16,40.71
2010,1755847,Olive Branch CDP,433,221.64,51.19,5.67,54.94
2010,1733357,Harvel village,115,18.96,16.35,135.85,62.45
2010,1714923,Cleveland village,74,6.03,8.15,11.44,85.66
2010,1747449,Mason town,154,12.67,8.17,16.25,75.69
2010,1737439,Industry village,225,88.81,39.3,10.6,67.95
2010,1747150,Marseilles city,2422,458.96,18.95,28.87,65.5
2010,1704845,Belleville city,21099,1044.23,4.95,14.9,54.39
2010,1734163,Henry city,1109,120.58,10.86,49.55,73.27
2010,1753455,North Barrington village,1163,111.32,9.57,22.7,91.49
2010,1756640,Orland Park village,22443,410.16,1.83,15.14,84.32
2010,1742496,Lebanon city,1845,190.99,10.35,17.08,64.9
2010,1758408,Pecatonica village,922,238.71,25.86,-1.33,77.27
2010,1757732,Park Forest village,9838,253.59,2.58,64.14,57.97
2010,1756484,Oregon city,1796,106.36,5.92,16.7,53.43
2010,1761366,Potomac village,305,45.8,14.97,79.61,80.51
2010,1706028,Bingham village,43,4.65,10.82,8.73,66.74
2010,1779436,Wayne City village,509,22.53,4.42,27.56,63.22
2010,1757043,Owaneco village,99,7.75,7.83,46.04,57.08
2010,1733227,Harristown village,564,132.12,23.38,30.75,79.76
2010,1746955,Marissa village,952,87.89,9.22,3.96,67.58
2010,1713074,Cherry Valley village,1444,145.75,10.09,10.83,75.77
2010,1750881,Mount Carroll city,833,90.46,10.85,8.57,70.59
2010,1716366,Cordova village,301,46.14,15.33,-2.18,76.06
2010,1758577,Penfield CDP,86,20.47,23.81,41.2,68.46
2010,1737894,Island Lake village,3142,143.55,4.57,26.03,80.53
2010,1764044,Ridott village,66,12.3,18.35,4.48,74.28
2010,1777811,Victoria village,125,68.4,54.29,9.59,83.44
2010,1730991,Grant Park village,550,149.67,27.21,5.05,71.35
2010,1757407,Palos Park village,2092,54.34,2.6,20.67,87.1
2010,1730510,Goofy Ridge CDP,234,36.21,15.47,35.82,61.28
2010,1777148,Valier village,300,22.57,7.5,12.15,74.36
2010,1710916,Campus village,68,15.53,22.84,35.98,53.98
2010,1735541,Holiday Shores CDP,1129,36.23,3.21,4.92,90.61
2010,1741651,Lakewood village,1380,132.4,9.59,63.28,76.59
2010,1715989,Compton village,135,43.09,31.69,105.1,69.15
2010,1734384,Herscher village,645,160.2,24.8,7.43,71.91
2010,1714455,Cisne village,317,12.44,3.91,21.11,68.92
2010,1750777,Mounds city,432,88.56,20.45,5.95,57.26
2010,1738869,Kane village,190,4.8,2.52,57.53,70.56
2010,1752805,New Salem village,60,5.15,8.44,-17.22,65.76
2010,1701010,Alsip village,7926,81.28,1.03,104.43,65.22
2010,1769758,Shorewood village,5716,1177.66,20.6,-6.68,83.43
2010,1766800,Ste. Marie village,123,7.58,6.11,9.81,71.38
2010,1758343,Pearl village,81,6.64,8.1,-25.99,61.79
2010,1766209,Royalton village,541,47.59,8.8,53.15,67.33
2010,1770889,South Jacksonville village,1670,83.83,5.02,6.5,61.16
2010,1773040,Strasburg village,211,8.78,4.14,19.57,75.77
2010,1727806,Freeburg village,1795,286.1,15.94,5.11,79.57
2010,1764538,Riverwoods village,1318,45.87,3.48,7.52,83.92
2010,1712450,Chandlerville village,286,117.73,41.16,22.79,63.97
2010,1758369,Pearl City village,340,45.76,13.42,11.74,71.24
2010,1728248,Gages Lake CDP,3977,31.0,0.78,2.57,75.73
2010,1781165,Whiteash village,115,9.77,8.43,14.99,64.79
2010,1706587,Bloomingdale village,9155,381.14,4.16,40.58,70.2
2010,1725063,Fairview village,218,44.15,20.16,5.29,71.51
2010,1735385,Hodgkins village,781,33.05,4.23,51.19,63.75
2010,1748333,Mendota city,3037,128.23,4.22,26.31,67.07
2010,1743536,Lincoln city,6411,361.04,5.63,21.08,67.19
2010,1767756,Sauget village,83,4.99,6.01,9.24,35.01
2010,1700295,Adeline village,39,5.28,13.19,6.15,66.95
2010,1710591,Camargo village,208,16.67,8.01,-0.86,70.67
2010,1718225,Cutler village,206,15.73,7.6,23.88,62.27
2010,1723698,Elmwood city,885,204.82,23.12,8.73,81.82
2010,1754092,North Pekin village,655,15.54,2.37,-4.47,79.41
2010,1766599,Sailor Springs village,58,3.76,6.48,22.91,60.18
2010,1754703,Oak Grove village,193,22.38,11.6,94.63,75.04
2010,1708706,Brookport city,468,79.03,16.85,65.72,72.88
2010,1763056,Reddick village,79,11.88,14.85,41.55,64.85
2010,1755470,Okawville village,648,58.01,8.95,48.18,74.93
2010,1703883,Barrington Hills village,1674,96.75,5.78,17.21,77.09
2010,1735835,Homer Glen village,8388,571.76,6.82,8.83,88.97
2010,1726194,Fisher village,765,119.25,15.59,48.57,78.59
2010,1752155,New Bedford village,44,7.27,16.51,34.32,48.61
2010,1711215,Carlock village,218,149.35,68.19,21.68,85.0
2010,1718485,Dana village,72,17.27,23.66,24.51,70.78
2010,1762588,Raleigh village,168,19.29,11.41,16.49,68.46
2010,1769914,Sigel town,146,4.15,2.84,12.49,77.98
2010,1704078,Batavia city,10041,480.33,4.78,10.65,72.18
2010,1744446,London Mills village,177,63.16,35.48,9.14,72.46
2010,1723074,Elgin city,37848,1410.27,3.73,14.85,66.74
2010,1706964,Bluford village,283,30.18,10.66,-0.72,77.92
2010,1718823,Decatur city,36133,2016.54,5.58,15.15,54.79
2010,1727026,Forrest village,509,120.49,23.63,23.14,72.56
2010,1751284,Mulberry Grove village,298,35.32,11.85,23.02,65.62
2010,1722073,East Moline city,9057,327.35,3.61,12.29,64.38
2010,1729756,Glen Ellyn village,11051,329.02,2.98,6.63,71.82
2010,1755275,Ogden village,319,31.57,9.9,91.79,74.88
2010,1755106,Oblong village,693,49.65,7.15,15.2,70.45
2010,1775549,Tiskilwa village,353,184.14,52.02,28.91,70.9
2010,1702609,Assumption city,582,45.95,7.9,46.91,47.71
2010,1728807,Gays village,109,7.28,6.68,33.85,71.51
2010,1708524,Brocton village,145,10.85,7.48,56.77,76.85
2010,1719681,Detroit village,36,3.0,8.1,-26.03,82.37
2010,1707211,Bondville village,207,36.15,17.47,56.1,58.55
2010,1765611,Roscoe village,4171,521.12,12.49,10.86,74.24
2010,1714845,Clear Lake village,101,14.94,14.79,3.67,66.57
2010,1755717,Old Ripley village,50,4.26,8.53,16.83,71.27
2010,1726753,Forest City village,110,42.54,38.32,16.7,79.26
2010,1756926,Ottawa city,8569,435.2,5.08,33.49,62.85
2010,1732746,Hanover Park village,11482,152.81,1.33,5.95,79.9
2010,1779683,Weldon village,190,38.83,20.43,243.9,75.34
2010,1737712,Iroquois village,92,9.48,10.31,14.92,54.83
2010,1772650,Stewardson village,330,9.38,2.84,12.49,67.89
2010,1783518,Worth village,4556,60.89,1.34,110.92,70.42
2010,1726571,Flossmoor village,3677,54.58,1.48,23.9,87.24
2010,1700997,Alsey village,105,6.56,6.25,7.94,62.71
2010,1733435,Harwood Heights village,3731,81.11,2.17,84.42,55.92
2010,1714936,Clifton village,569,132.1,23.22,23.77,68.41
2010,1779228,Watseka city,2537,231.74,9.13,108.25,65.02
2010,1719200,De Land village,206,37.17,17.96,168.01,69.26
2010,1747163,Marshall city,1943,97.18,5.0,25.85,60.39
2010,1779358,Waverly city,622,141.12,22.69,20.63,71.78
2010,1738674,Joppa village,167,14.4,8.57,27.4,70.79
2010,1721358,Dwight village,1862,63.89,3.43,12.43,53.85
2010,1753195,Nora village,63,14.61,22.84,19.89,70.12
2010,1768406,Scottville village,59,13.89,23.15,52.13,61.17
2010,1746786,Marengo city,3045,306.45,10.06,30.21,68.45
2010,1740910,Lake Bluff village,2177,77.01,3.54,10.5,80.62
2010,1747540,Matteson village,7085,705.94,9.96,24.08,76.84
2010,1742067,LaPlace CDP,118,12.08,10.15,107.52,63.59
2010,1761977,Prophetstown city,908,34.76,3.83,13.62,68.81
2010,1714065,Chicago Ridge village,5918,159.15,2.69,602.33,53.97
2010,1766677,St. Augustine village,69,4.97,7.21,6.92,49.13
2010,1718628,Darien city,9275,252.71,2.72,7.88,77.96
2010,1745941,Macon city,513,226.12,43.99,7.18,75.96
2010,1739259,Keensburg village,101,8.06,7.91,31.11,64.01
2010,1725713,Fayetteville village,157,14.48,9.22,3.94,75.87
2010,1781919,Willowbrook village,4375,88.51,2.02,1.04,59.72
2010,1734007,Henderson village,120,41.57,34.64,8.85,80.54
2010,1739038,Kappa village,99,41.11,41.52,3.75,70.58
2010,1760222,Pittsfield city,2035,141.8,6.97,-20.74,58.59
2010,1701647,Apple Canyon Lake CDP,880,200.96,22.84,19.87,23.52
2010,1728326,Galesburg city,14280,755.18,5.29,17.98,55.11
2010,1724452,Essex village,300,41.64,13.83,42.78,88.22
2010,1714117,Chillicothe city,2719,74.78,2.75,79.81,68.95
2010,1714442,Cisco village,128,13.09,10.15,107.49,59.11
2010,1705976,Big Rock village,426,49.06,11.52,3.63,78.73
2010,1735203,Hillview village,99,4.2,4.24,-3.85,50.61
2010,1741794,La Moille village,324,42.14,13.01,76.03,66.23
2010,1730458,Good Hope village,191,68.17,35.69,5.53,80.39
2010,1760352,Plano city,3885,384.65,9.9,4.47,82.23
2010,1767613,San Jose village,254,96.96,38.02,23.46,81.19
2010,1749347,Mill Shoals village,114,14.62,12.71,4.12,64.88
2010,1744927,Louisville village,513,33.26,6.48,22.84,81.58
2010,1751947,Nelson village,71,13.95,19.65,1.11,78.58
2010,1780957,West York CDP,60,3.34,5.48,30.13,76.24
2010,1739727,Kewanee city,5887,491.84,8.35,9.59,61.57
2010,1758174,Pawnee village,1135,474.93,41.81,119.92,82.2
2010,1776771,Union Hill village,27,3.73,13.83,42.55,71.12
2010,1738921,Kangley village,115,9.53,8.21,15.22,68.07
2010,1775848,Tower Hill village,256,5.47,2.14,47.13,75.68
2010,1777681,Vernon village,77,12.78,16.59,8.46,60.36
2010,1710292,Cabery village,115,11.56,9.96,29.73,73.42
2010,1724582,Evanston city,33181,997.25,3.01,21.76,48.85
2010,1777993,Villa Park village,8520,136.37,1.6,12.38,68.97
2010,1711527,Carthage city,1307,98.35,7.52,1.55,56.85
2010,1763420,Reynolds village,224,13.07,5.81,13.16,78.57
2010,1751180,Mount Vernon city,7533,516.87,6.86,9.9,53.91
2010,1730705,Grand Detour CDP,225,19.68,8.75,7.71,60.16
2010,1707692,Bradford village,325,224.32,69.02,3.24,76.17
2010,1767769,Sauk Village village,3684,96.37,2.62,80.94,54.26
2010,1700516,Albany village,417,25.73,6.17,4.58,75.4
2010,1724634,Evergreen Park village,7559,62.75,0.83,42.61,75.26
2010,1745525,McClure village,172,96.9,56.34,2.13,64.1
2010,1720643,Downs village,370,117.54,31.68,20.34,85.94
2010,1759709,Pierron village,262,22.67,8.62,56.59,73.6
2010,1720318,Donnellson village,105,5.97,5.63,18.43,40.68
2010,1709642,Burbank city,9721,172.59,1.78,97.74,72.74
2010,1723841,Elvaston village,77,6.64,8.62,28.61,63.34
2010,1743250,Libertyville village,8080,259.73,3.21,14.87,71.96
2010,1778604,Walnut Hill village,51,3.88,7.47,37.74,74.21
2010,1755041,Oakwood Hills village,801,37.21,4.64,4.57,84.04
2010,1754885,Oak Park village,24519,483.5,1.97,17.93,55.22
2010,1726987,Forest View village,287,3.55,1.24,38.04,63.18
2010,1700178,Adair CDP,96,37.73,39.3,10.6,70.28
2010,1753871,Northlake city,4273,77.48,1.81,163.0,63.83
2010,1722645,Edinburg village,514,81.83,15.92,95.68,64.27
2010,1707770,Braidwood city,2943,300.43,10.21,16.41,67.49
2010,1754404,Norwood village,191,8.34,4.37,45.27,72.37
2010,1705209,Benld city,750,57.0,7.6,32.76,72.05
2010,1738531,Johnsonville village,29,1.17,3.91,20.97,83.71
2010,1703675,Bardolph village,126,49.52,39.3,10.6,64.0
2010,1751349,Mundelein village,10992,643.38,5.85,118.07,76.29
2010,1780762,West Point village,73,8.25,11.3,13.8,87.22
2010,1715235,Coal Valley village,1568,164.26,10.47,28.26,81.37
2010,1718563,Danville city,14718,941.71,6.4,22.92,53.16
2010,1779007,Washburn village,467,207.35,44.3,4.56,73.66
2010,1704247,Baylis village,99,8.44,8.44,-17.16,60.02
2010,1755132,Oconee village,77,3.68,4.77,42.5,68.09
2010,1752584,New Lenox village,8243,501.37,6.08,25.34,88.71
2010,1755912,Olney city,4291,262.23,6.11,15.52,60.67
2010,1716613,Coulterville village,421,40.83,9.68,13.42,76.6
2010,1703181,Aviston village,709,108.5,15.3,11.6,89.16
2010,1759000,Peoria city,52620,2616.34,4.97,20.08,53.05
2010,1748424,Meredosia village,464,87.34,18.82,148.99,76.37
2010,1778526,Walnut village,597,98.59,16.51,34.4,67.64
2010,1703103,Ava city,312,29.56,9.48,57.5,68.47
2010,1779124,Wataga village,372,128.87,34.64,8.84,85.89
2010,1702921,Auburn city,1867,89.02,4.77,6.96,68.54
2010,1703454,Baldwin village,160,10.91,6.77,22.97,65.34
2010,1702102,Arlington village,86,3.27,3.8,26.61,59.27
2010,1721696,East Dundee village,1348,32.97,2.45,16.8,75.57
2010,1757160,Paderborn CDP,22,1.2,5.44,-4.31,63.11
2010,1702583,Ashton village,440,166.72,37.81,20.19,64.41
2010,1712294,Chadwick village,252,125.62,49.65,4.24,69.07
2010,1712476,Channahon village,4192,749.35,17.87,11.83,86.64
2010,1772000,Springfield city,55729,3859.26,6.93,17.73,59.31
2010,1705599,Bethalto village,4288,129.75,3.03,9.1,72.27
2010,1708264,Brighton village,919,144.48,15.7,23.59,76.21
2010,1782322,Windsor city,528,21.9,4.14,19.54,77.18
2010,1782491,Winnebago village,1179,146.88,12.45,39.46,77.52
2010,1722931,Elburn village,1992,247.58,12.42,6.75,78.82
2010,1747553,Mattoon city,8941,439.55,4.92,22.78,53.64
2010,1747007,Markham city,4384,153.01,3.49,112.66,68.68
2010,1745889,Macomb city,8199,383.58,4.68,75.29,39.09
2010,1764421,Riverside village,3680,123.59,3.36,70.3,71.95
2010,1743666,Lincolnshire village,3395,187.71,5.53,-4.6,67.99
2010,1776160,Trout Valley village,192,7.14,3.7,10.63,88.97
2010,1772468,Steeleville village,990,69.42,7.01,13.47,61.53
2010,1766950,St. Joseph village,1522,150.62,9.9,91.8,76.86
2010,1705443,Berlin village,93,12.33,13.26,43.02,60.18
2010,1712879,Chemung CDP,113,14.5,12.83,23.27,60.82
2010,1771175,South Pekin village,437,20.84,4.77,86.44,57.31
2010,1717497,Crestwood village,5141,105.97,2.06,16.95,70.88
2010,1710110,Bushnell city,1408,179.87,12.77,20.96,80.6
2010,1750751,Mound City city,269,31.27,11.58,29.84,68.04
2010,1761639,Prairie du Rocher village,260,35.49,13.65,5.72,67.21
2010,1768081,Schiller Park village,4697,83.97,1.79,36.03,59.21
2010,1739532,Kenney village,161,58.62,36.19,286.45,69.44
2010,1741326,Lakemoor village,2511,356.79,14.2,1.22,70.22
2010,1720123,Dix village,263,19.72,7.47,31.83,55.3
2010,1757576,Papineau village,67,6.9,10.31,14.89,83.6
2010,1768640,Seneca village,927,185.99,20.06,39.51,76.26
2010,1730445,Goodfield village,301,107.39,35.68,8.15,93.67
2010,1734722,Highland Park city,12256,261.76,2.14,19.76,78.69
2010,1741742,Lake Zurich village,6789,321.57,4.74,8.21,85.27
2010,1724699,Exeter village,39,5.49,13.73,61.95,46.85
2010,1739753,Keyesport village,251,18.66,7.43,37.57,51.92
2010,1704507,Beaverville village,151,15.66,10.31,14.84,78.01
2010,1738934,Kankakee city,10935,651.31,5.96,22.02,46.19
2010,1728261,Galatia village,450,64.48,14.33,12.39,75.62
2010,1748359,Menominee village,87,14.41,16.56,51.02,89.93
2010,1736841,Hutsonville village,258,14.14,5.48,30.37,77.41
2010,1777694,Vernon Hills village,9955,704.84,7.08,13.81,72.18
2010,1749516,Mineral village,114,53.6,47.02,4.45,73.74
2010,1728612,Garden Prairie village,140,16.55,11.74,8.89,75.69
2010,1724933,Fairmont City village,864,31.85,3.68,27.92,60.35
2010,1701361,Anchor village,71,50.52,71.16,1.6,65.53
2010,1711644,Caseyville village,1852,141.52,7.64,25.32,72.76
2010,1777187,Valley City village,12,1.01,8.44,-16.97,31.72
2010,1742080,La Prairie village,32,4.0,12.11,16.16,45.71
2010,1720305,Dongola village,337,34.26,10.17,34.14,62.23
2010,1751024,Mount Olive city,984,54.53,5.54,4.57,73.25
2010,1711462,Carrollton city,1183,97.93,8.28,29.93,74.44
2010,1711397,Carrier Mills village,865,82.87,9.57,55.42,70.66
2010,1744264,Loda village,181,13.69,7.52,7.48,69.95
2010,1710422,Caledonia village,74,15.25,20.33,29.35,75.74
2010,1707744,Bradley village,6414,428.66,6.68,20.66,65.75
2010,1726311,Flanagan village,497,149.77,30.13,20.37,69.8
2010,1705274,Bentley town,18,2.15,11.3,13.62,65.89
2010,1703844,Barrington village,4233,131.35,3.1,23.66,74.57
2010,1736150,Hopewell village,162,41.74,25.77,10.29,85.85
2010,1751622,Naperville city,52269,1283.86,2.46,20.17,73.78
2010,1751336,Muncie village,69,4.74,6.77,40.16,65.78
2010,1722255,East St. Louis city,12055,1312.96,10.89,29.09,41.64
2010,1705300,Benton city,3392,199.75,5.89,11.04,61.14
2010,1718771,Dayton CDP,228,37.12,16.28,74.25,66.37
2010,1756237,Oquawka village,720,59.37,8.23,10.24,67.93
2010,1783336,Woodson village,219,17.51,7.96,38.62,82.66
2010,1766053,Round Lake Heights village,782,34.63,4.42,-4.43,96.67
2010,1707237,Bonfield village,148,20.47,13.83,42.76,85.46
2010,1752220,New Boston city,329,82.75,25.15,15.85,76.59
2010,1703207,Avon village,379,137.7,36.24,8.43,69.12
2010,1763706,Richton Park village,5390,145.61,2.7,9.83,60.55
2010,1772923,Stone Park village,1285,70.19,5.46,22.15,59.93
2010,1783206,Woodlawn village,280,32.21,11.5,23.92,84.57
2010,1755639,Old Mill Creek village,87,4.57,5.26,-11.03,62.1
2010,1727689,Franklin Grove village,400,41.23,10.28,42.42,75.88
2010,1775107,Thomasboro village,534,127.37,23.81,41.16,64.2
2010,1772676,Stickney village,3000,41.0,1.37,17.99,58.4
2010,1774457,Tamms village,293,165.07,56.34,2.13,59.16
2010,1756341,Orangeville village,349,80.14,22.9,5.5,77.89
2010,1721683,East Dubuque city,830,137.45,16.56,51.03,64.77
2010,1700971,Alpha village,310,110.47,35.52,28.45,72.94
2010,1753663,Northfield village,2381,29.03,1.22,25.9,81.17
2010,1732434,Hamilton city,1313,86.96,6.62,-1.49,72.03
2010,1719226,Delavan city,740,212.58,28.73,99.38,71.84
2010,1737608,Inverness village,2848,37.92,1.33,13.7,85.3
2010,1704871,Bellevue village,885,33.53,3.79,37.46,75.24
2010,1733383,Harvey city,9805,1003.87,10.24,73.86,42.15
2010,1702557,Ashmore village,336,19.23,5.71,35.45,80.74
2010,1753403,Norris City village,635,69.8,10.99,7.73,69.75
2010,1712268,Cerro Gordo village,586,59.47,10.15,107.66,69.95
2010,1726077,Fillmore village,162,8.84,5.46,18.67,40.82
2010,1734553,Hidalgo village,51,4.45,8.72,16.36,74.7
2010,1781087,Wheeling village,15397,200.48,1.3,55.22,66.78
2010,1737777,Irvington village,304,18.55,6.08,13.58,67.05
2010,1719642,Des Plaines city,24074,310.13,1.29,93.05,71.98
2010,1770161,Sleepy Hollow village,1229,24.06,1.96,28.19,80.02
2010,1700880,Allerton village,123,8.05,6.49,20.54,77.54
2010,1746214,Makanda village,262,22.69,8.66,10.95,70.28
2010,1746695,Maquon village,137,39.69,28.97,10.09,72.41
2010,1760534,Pleasant Hill village,485,31.05,6.39,-9.39,69.29
2010,1741404,Lake Petersburg CDP,386,286.22,73.96,1.85,58.75
2010,1735281,Hindsboro village,152,18.35,12.07,72.14,63.4
2010,1715950,Como CDP,237,10.72,4.52,8.48,83.12
2010,1733877,Hecker village,202,13.84,6.82,5.12,73.33
2010,1738830,Justice village,5176,248.97,4.81,4.99,50.17
2010,1739298,Keithsburg city,313,78.73,25.15,15.86,71.78
2010,1750218,Montgomery village,6325,1036.19,16.38,28.54,78.27
2010,1728300,Galena city,1960,268.96,13.72,12.44,52.97
2010,1738349,Jeisyville village,48,1.74,3.54,38.9,75.37
2010,1704897,Bellflower village,172,30.6,17.69,9.11,64.12
2010,1758239,Paxton city,1960,84.41,4.31,26.73,70.6
2010,1766833,St. Francisville city,321,15.13,4.7,35.59,41.87
2010,1744121,Liverpool village,65,3.95,6.07,55.44,69.09
2010,1730653,Grafton city,387,38.35,9.88,-54.44,52.12
2010,1730120,Godley village,237,21.73,9.17,32.76,95.98
2010,1710383,Cairo city,1598,400.23,25.03,-14.35,34.73
2010,1760391,Plattville village,88,24.0,27.27,21.63,74.06
2010,1701595,Antioch village,5273,335.23,6.36,-2.97,76.92
2010,1710630,Cambria village,594,42.67,7.17,38.05,61.62
2010,1780931,Westville village,1505,107.8,7.16,17.05,68.84
2010,1745434,Lyons village,4375,87.07,1.99,57.05,60.73
2010,1740117,Kinmundy city,378,31.64,8.37,12.16,69.29
2010,1746981,Mark village,229,103.1,45.02,47.6,78.64
2010,1735515,Holiday Hills village,250,34.95,13.98,45.73,78.27
2010,1701114,Alton city,13266,681.06,5.13,8.73,55.55
2010,1749568,Minonk city,902,204.53,22.65,4.44,79.76
2010,1735047,Hillsboro city,2029,117.72,5.8,7.08,78.78
2010,1740598,Ladd village,587,148.37,25.23,2.51,70.34
2010,1731017,Granville village,653,294.45,45.02,47.61,70.8
2010,1736542,Humboldt village,190,10.91,5.74,23.67,77.54
2010,1704403,Beason CDP,84,28.11,33.07,3.72,54.66
2010,1780333,West Frankfort city,3921,214.95,5.48,13.77,61.23
2010,1777408,Venedy village,61,5.55,8.95,48.02,75.37
2010,1744056,Littleton village,77,9.3,12.07,6.62,63.77
2010,1708992,Brownstown village,320,42.1,13.16,4.34,78.94
2010,1725141,Fairview Heights city,7876,284.72,3.62,10.96,61.38
2010,1736438,Hudson village,644,319.49,49.61,6.75,97.26
2010,1766768,St. David village,270,16.46,6.07,55.73,75.66
2010,1724816,Fairfield city,2702,369.32,13.67,44.03,62.66
2010,1743900,Lisbon village,111,30.27,27.27,21.62,69.15
2010,1731524,Greenup village,729,64.52,8.85,13.23,71.63
2010,1735866,Hometown city,1935,8.0,0.41,68.42,74.26
2010,1763069,Redmon village,86,6.43,7.48,56.94,69.61
2010,1718342,Dakota village,216,42.9,19.77,0.31,74.32
2010,1715170,Coal City village,2305,167.23,7.25,9.91,70.22
2010,1745616,McCullom Lake village,440,107.18,24.36,84.1,62.0
2010,1701972,Argenta village,391,176.98,45.15,10.74,77.92
2010,1770564,South Barrington village,1521,99.13,6.51,12.46,92.87
2010,1724920,Fairmont CDP,947,162.38,17.13,149.48,74.8
2010,1723269,Elkhart village,197,22.32,11.27,99.68,25.57
2010,1765442,Romeoville village,12623,380.8,3.02,19.16,82.9
2010,1729652,Glencoe village,3208,54.94,1.71,11.67,88.67
2010,1752103,Newark village,393,106.66,27.07,22.11,68.0
2010,1709759,Burlington village,258,8.63,3.33,18.2,77.51
2010,1726896,Forest Lake CDP,661,184.23,27.83,15.1,79.9
2010,1770629,South Chicago Heights village,1656,50.25,3.03,118.59,58.92
2010,1704273,Bay View Gardens village,157,30.57,19.47,5.29,86.66
2010,1737179,Ina village,221,21.44,9.66,22.46,243.55
2010,1762822,Rapids City village,391,60.09,15.33,-2.17,83.34
2010,1718745,Dawson village,228,47.98,21.04,60.26,64.6
2010,1708979,Browns village,69,3.9,5.65,13.41,60.24
2010,1765845,Roseville village,469,82.58,17.61,21.3,65.14
2010,1715001,Clinton city,3396,566.95,16.69,101.65,61.98
2010,1702635,Astoria town,514,202.79,39.45,17.86,81.25
2010,1743055,Lewistown city,1150,72.15,6.27,-4.32,68.6
2010,1755938,Olympia Fields village,2103,296.8,14.11,47.79,82.08
2010,1707224,Bone Gap village,104,9.42,8.97,-7.5,77.22
2010,1708576,Brookfield village,7785,113.0,1.45,64.36,68.62
2010,1770759,Southern View village,795,35.54,4.47,49.75,60.82
2010,1762627,Ramsey village,457,49.57,10.82,8.84,78.29
2010,1763719,Richview village,124,7.6,6.08,13.62,62.81
2010,1729496,Glasgow village,71,4.44,6.25,7.97,57.6
2010,1729275,Gilman city,794,65.66,8.27,36.22,59.51
2010,1711033,Cantrall village,58,9.13,15.74,5.08,77.49
2010,1726233,Fithian village,216,14.69,6.77,40.27,70.49
2010,1747774,Maywood village,8393,478.75,5.7,44.53,58.32
2010,1782010,Willow Hill village,93,5.74,6.11,9.82,88.75
2010,1782543,Winslow village,152,32.14,21.14,15.23,72.96
2010,1774444,Tamaroa village,295,38.53,13.02,15.6,81.15
2010,1771370,South Wilmington village,310,44.41,14.28,93.78,65.87
2010,1775263,Tilden village,429,29.06,6.77,23.0,61.4
2010,1728872,Geneva city,8277,318.4,3.85,5.95,75.82
2010,1732395,Hamburg village,91,7.21,7.84,40.87,44.58
2010,1742457,Leaf River village,219,42.04,19.2,1.65,71.89
2010,1737348,Indianola village,116,7.6,6.49,20.41,77.94
2010,1747111,Marquette Heights city,1070,25.14,2.35,-4.98,87.2
2010,1782309,Windsor village,341,76.81,22.46,14.39,74.4
2010,1742184,LaSalle city,4436,243.89,5.5,8.52,60.26
2010,1717549,Creve Coeur village,2415,68.71,2.84,8.11,72.78
2010,1774847,Thawville village,112,8.43,7.52,7.48,67.31
2010,1768471,Seatonville village,144,5.51,3.8,26.61,57.19
2010,1765156,Rockton village,2971,215.96,7.27,9.9,69.64
2010,1712385,Champaign city,34434,1754.37,5.09,35.88,45.44
2010,1740962,Lake Camelot CDP,629,72.03,11.45,9.67,92.32
2010,1704793,Belle Prairie City town,27,1.48,5.49,8.29,72.13
2010,1761925,Princeville village,729,132.06,18.11,5.99,77.67
2010,1738739,Joy village,192,48.54,25.15,15.86,79.71
2010,1747592,Maunie village,79,8.79,10.99,7.76,60.36
2010,1737907,Itasca village,3572,76.14,2.13,13.01,68.54
2010,1775484,Tinley Park village,22490,460.46,2.05,13.6,80.47
2010,1746357,Manhattan village,2461,478.83,19.45,83.53,88.14
2010,1746422,Manlius village,167,27.58,16.51,34.41,61.31
2010,1746643,Mapleton village,126,15.96,12.66,39.24,78.09
2010,1741346,Lake of the Woods CDP,1250,166.79,13.33,125.12,72.07
2010,1745993,Madison city,1894,215.19,11.36,-10.47,54.96
2010,1739519,Kenilworth village,854,10.41,1.22,88.2,89.16
2010,1757225,Palatine village,28620,426.77,1.49,31.77,65.4
2010,1752844,Newton city,1374,101.09,7.35,3.52,60.89
2010,1741183,Lake in the Hills village,9884,339.7,3.44,13.89,85.3
2010,1776615,Ullin village,258,52.77,20.45,5.94,54.93
2010,1758226,Paw Paw village,397,125.79,31.69,105.14,68.02
2010,1725440,Farmersville village,342,59.64,17.44,148.31,66.43
2010,1749191,Milledgeville village,486,241.31,49.65,4.24,67.34
2010,1745421,Lynwood village,3472,332.16,9.56,9.74,78.62
2010,1767372,Sammons Point village,115,28.77,24.8,7.42,70.22
2010,1731732,Gridley village,609,302.13,49.61,6.74,80.13
2010,1749178,Mill Creek village,24,2.44,10.17,34.06,78.23
2010,1775874,Tower Lakes village,439,20.5,4.67,133.2,99.03
2010,1701569,Annawan town,409,122.39,29.92,-0.38,65.3
2010,1725531,Farmington city,1097,70.61,6.43,14.34,70.9
2010,1717055,Cowden village,271,12.94,4.77,42.5,67.61
2010,1740364,Knollwood CDP,715,34.22,4.78,1.85,72.32
2010,1700568,Albion city,977,111.33,11.4,32.12,68.2
2010,1766157,Royal village,134,13.36,9.9,91.68,64.0
2010,1745044,Lovington village,522,37.47,7.18,10.98,66.41
2010,1710240,Byron city,1507,409.87,27.18,-0.15,61.3
2010,1780853,West Salem village,452,40.63,8.97,-7.54,65.26
2010,1773157,Streamwood village,13629,145.9,1.07,83.93,82.48
2010,1706470,Blandinsville village,354,126.71,35.69,5.54,71.11
2010,1748021,Mechanicsburg village,242,50.47,20.85,63.0,70.47
2010,1708186,Bridgeport city,867,35.25,4.07,-20.23,57.57
2010,1762016,Prospect Heights city,6472,75.62,1.17,72.21,69.27
2010,1709161,Bryant village,105,31.91,30.39,4.9,69.77
2010,1701946,Arenzville village,179,25.32,14.07,2.21,71.55
2010,1735879,Homewood village,7969,131.01,1.64,52.62,74.41
2010,1766027,Round Lake village,6205,318.07,5.13,3.07,83.48
2010,1766534,Sadorus village,181,43.18,23.72,78.79,71.43
2010,1760872,Pocahontas village,343,30.27,8.83,56.84,72.87
2010,1745174,Ludlow village,168,40.0,23.81,41.18,67.37
2010,1724179,Enfield village,280,35.72,12.71,4.11,73.6
2010,1704303,Beach Park village,4999,132.92,2.66,5.98,75.39
2010,1705092,Belvidere city,9565,474.02,4.96,8.15,66.12
2010,1723529,Ellisville village,40,14.51,36.29,8.39,78.91
2010,1723256,Elk Grove Village village,13904,44.61,0.32,97.57,72.04
2010,1754144,North Riverside village,2981,34.28,1.15,65.28,68.72
2010,1751310,Mulkeytown CDP,90,6.75,7.5,12.13,65.06
2010,1722697,Edwardsville city,9703,359.9,3.71,20.14,62.97
2010,1751648,Naplate village,258,41.53,16.04,73.99,54.6
2010,1752116,New Athens village,886,94.47,10.66,34.49,69.96
2010,1720292,Dolton village,8720,399.53,4.58,34.62,68.92
2010,1766443,Rutland village,151,35.96,23.66,24.51,67.99
2010,1759104,Percy village,457,32.01,7.01,13.48,62.14
2010,1765897,Rosiclare city,584,2.12,0.36,5.8,65.9
2010,1751791,Nauvoo city,668,57.66,8.62,28.53,50.77
2010,1715378,Colchester city,676,147.07,21.76,8.63,65.78
2010,1780047,Westchester village,7218,115.77,1.6,22.48,79.82
2010,1732707,Hanover village,474,131.25,27.69,10.1,60.21
2010,1772949,Stonington village,403,80.89,20.07,177.41,81.56
2010,1729483,Glasford village,456,57.75,12.66,39.26,81.68
2010,1726935,Forest Park village,7834,353.5,4.51,55.73,41.7
2010,1774470,Tampico village,317,117.56,37.09,1.67,72.41
2010,1702154,Arlington Heights village,32795,439.45,1.34,29.6,69.13
2010,1778773,Wapella village,251,54.91,21.88,249.77,74.39
2010,1774275,Symerton village,37,2.2,5.78,57.95,72.14
2010,1753793,North Henderson village,80,17.97,22.46,14.37,79.52
2010,1700958,Alorton village,849,177.77,20.91,66.93,42.66
2010,1762523,Radom village,99,6.31,6.31,19.58,79.04
2010,1743133,Liberty village,227,15.62,6.88,16.94,77.07
2010,1775276,Tilton village,1336,79.76,5.97,38.59,59.99
2010,1721826,East Galesburg village,357,46.35,12.95,-1.22,63.27
2010,1728846,Geneseo city,3039,119.85,3.94,9.96,65.66
2010,1773703,Sumner city,399,18.75,4.7,35.58,153.89
2010,1712489,Channel Lake CDP,881,79.09,8.98,18.15,64.28
2010,1705898,Biggsville village,151,47.84,31.48,5.94,80.21
2010,1737621,Iola village,60,25.78,42.96,-44.53,81.04
2010,1772052,Spring Grove village,1885,416.78,22.1,20.62,88.65
2010,1756601,Orion village,771,161.35,20.9,11.86,82.95
2010,1712710,Chatsworth town,575,128.43,22.34,16.56,57.04
2010,1746500,Manteno village,3838,473.8,12.34,2.0,65.05
2010,1774873,Thebes village,180,92.65,51.19,5.66,66.32
2010,1733279,Hartford village,676,25.22,3.73,12.49,64.77
2010,1715599,Collinsville city,11890,322.11,2.71,12.26,59.17
2010,1777525,Vergennes village,121,11.47,9.48,57.49,80.45
2010,1764148,Rio village,96,52.12,54.29,9.58,76.24
2010,1737933,Iuka village,216,11.07,5.1,20.76,76.59
2010,1730250,Golden Gate village,43,3.51,8.16,26.23,56.07
2010,1764135,Ringwood village,296,41.22,13.88,77.13,84.31
2010,1717289,Creal Springs city,289,27.3,9.45,72.25,65.61
2010,1757303,Palmer village,99,13.34,13.48,101.57,81.78
2010,1768705,Sesser city,928,27.27,2.93,43.13,67.13
2010,1708953,Browning village,67,4.4,6.46,3.92,75.01
2010,1730926,Granite City city,13577,630.9,4.65,8.57,64.6
2010,1782686,Winthrop Harbor village,2700,51.16,1.89,52.27,76.91
2010,1734137,Henning village,104,15.72,14.97,79.61,78.52
2010,1779397,Wayne village,885,97.98,11.06,0.1,80.96
2010,1764707,Robinson city,3247,285.64,8.79,11.62,71.22
2010,1735268,Hinckley village,828,127.61,15.39,40.4,79.59
2010,1739441,Kempton village,106,8.8,8.22,21.21,67.95
2010,1772546,Sterling city,6947,256.64,3.69,3.58,58.12
2010,1737803,Irwin village,30,7.44,24.8,7.51,72.02
2010,1783817,Yates City village,316,91.54,28.97,10.08,76.61
2010,1733851,Hebron village,516,140.64,27.2,12.22,71.24
2010,1702206,Armington village,146,63.12,43.24,18.45,69.39
2010,1712931,Chenoa city,784,196.97,25.12,0.86,71.7
2010,1766859,St. Jacob village,441,29.89,6.76,53.67,88.71
2010,1714715,Clay City village,480,113.93,23.69,-10.23,71.34
2010,1776935,University Park village,2729,128.09,4.69,29.11,53.66
2010,1711514,Carterville city,2477,211.01,8.52,28.39,63.02
2010,1745850,McNabb village,125,73.78,58.56,7.93,72.21
2010,1710877,Camp Point village,491,59.57,12.11,16.2,73.85
2010,1722398,Eddyville village,69,0.41,0.6,216.64,46.24
2010,1775809,Tovey village,228,8.11,3.54,39.18,77.17
2010,1714572,Clarendon Hills village,3338,142.48,4.27,6.95,73.65
2010,1777642,Vermont village,310,122.31,39.45,17.86,78.75
2010,1763862,Ridge Farm village,407,28.73,7.04,12.67,69.91
2010,1779826,Wenonah village,19,1.45,7.61,4.02,66.03
2010,1720045,Divernon village,537,224.92,41.81,119.91,74.27
2010,1724543,Eureka city,2022,450.68,22.28,9.31,60.89
2010,1767548,Sandwich city,2875,231.6,8.05,7.0,68.69
2010,1736568,Hume village,193,14.44,7.48,56.79,68.14
2010,1766638,St. Anne village,540,180.33,33.33,13.03,63.86
2010,1700555,Albers village,422,59.33,14.03,192.97,87.25
2010,1709356,Buda village,255,119.9,47.02,4.44,74.83
2010,1747787,Mazon village,410,94.34,22.95,511.4,68.83
2010,1760287,Plainfield village,12532,3519.31,28.08,8.85,83.75
2010,1735086,Hillside village,3138,66.04,2.1,37.08,68.63
2010,1746916,Marion city,8273,518.53,6.27,17.82,54.57
2010,1740559,Lacon city,872,306.57,35.16,0.77,74.45
2010,1777460,Venetian Village CDP,1152,62.29,5.41,3.85,77.19
2010,1777395,Varna village,177,72.09,40.5,3.09,70.1
2010,1750010,Monmouth city,3791,233.29,6.15,8.17,60.45
2010,1766703,St. Charles city,13156,345.12,2.62,23.02,66.86
2010,1749386,Millstadt village,1722,93.62,5.44,-4.42,75.2
2010,1783687,Wyoming city,673,52.25,7.75,22.23,70.46
2010,1723620,Elmhurst city,16590,290.15,1.75,31.69,75.28
2010,1777265,Valmeyer village,493,42.08,8.52,5.94,78.38
2010,1724166,Energy village,546,37.83,6.93,11.92,53.39
2010,1705248,Bensenville village,6742,581.33,8.62,111.25,54.66
2010,1759312,Petersburg city,1076,795.79,73.96,1.85,66.42
2010,1724764,Fairbury city,1627,312.77,19.22,2.7,72.64
2010,1751128,Mount Pulaski city,729,54.57,7.47,59.65,57.11
2010,1748632,Metcalf village,87,6.58,7.48,56.76,74.32
2010,1728430,Galva city,1281,73.15,5.71,2.67,69.89
